dataset,exp_id,model,family,complexity,fit_seconds,train.all.mae,train.all.rmse,train.all.r2,train.all.mape,val.all.mae,val.all.rmse,val.all.r2,val.all.mape,test.all.mae,test.all.rmse,test.all.r2,test.all.mape,train.engaged.mae,train.engaged.rmse,train.engaged.r2,train.engaged.mape,train.nominal.mae,train.nominal.rmse,train.nominal.r2,train.nominal.mape,val.engaged.mae,val.engaged.rmse,val.engaged.r2,val.engaged.mape,val.nominal.mae,val.nominal.rmse,val.nominal.r2,val.nominal.mape,test.engaged.mae,test.engaged.rmse,test.engaged.r2,test.engaged.mape,test.nominal.mae,test.nominal.rmse,test.nominal.r2,test.nominal.mape,ood_val.all.mae,ood_val.all.rmse,ood_val.all.r2,ood_val.all.mape,ood_val.engaged.mae,ood_val.engaged.rmse,ood_val.engaged.r2,ood_val.engaged.mape,ood_val.nominal.mae,ood_val.nominal.rmse,ood_val.nominal.r2,ood_val.nominal.mape,ood_test.all.mae,ood_test.all.rmse,ood_test.all.r2,ood_test.all.mape,ood_test.engaged.mae,ood_test.engaged.rmse,ood_test.engaged.r2,ood_test.engaged.mape,ood_test.nominal.mae,ood_test.nominal.rmse,ood_test.nominal.r2,ood_test.nominal.mape,val.all.mae_std_over_seeds
gmtk,E00a,mean,null,0,0.0,0.8950769678233046,2.1132486167467355,0.0,47.31737127877537,0.9060452562334833,1.9423900244210466,-6.795836490214313e-06,47.98173127576015,0.8270513881556197,1.8240534734164,-0.0008475721200913444,45.305435863208245,,,,,,,,,,,,,,,,,,,,,,,,,,,,,,,,,,,,,,,,,,,,,,,,,
gmtk,E00b,noload_loss_curve_c0+c1|n|+c2n^2,physics,1,0.0,0.6362990012983257,1.8084302000247068,0.26767760541005126,52.54286098326635,0.6186267892201739,1.7126984631200903,0.2225152318358089,49.65153661644252,0.5999977392423056,1.679199641351097,0.1518015510335562,54.22319186529512,,,,,,,,,,,,,,,,,,,,,,,,,,,,,,,,,,,,,,,,,,,,,,,,,
ibarmia,E00a,mean,null,0,0.0,1.334808118662417,2.241830767246478,0.0,52.03649339306901,1.348075513634559,2.2278918532804135,-0.00012482849084105574,52.02444021744965,1.2760361182243085,1.9584493812145505,-0.00026961983228868114,49.67303712172369,,,,,,,,,,,,,,,,,,,,,,,,,,,,,,,,,,,,,,,,,,,,,,,,,
ibarmia,E00b,noload_loss_curve_c0+c1|n|+c2n^2,physics,1,0.0,0.931906537033818,1.9885426150884538,0.21320035629337186,65.2339975130337,0.9585609684770853,1.996376970280628,0.19693425614175597,67.22349068208172,0.835348279092965,1.6837002685401816,0.2606979018163257,58.43855581436809,,,,,,,,,,,,,,,,,,,,,,,,,,,,,,,,,,,,,,,,,,,,,,,,,
synthetic,E00a,mean,null,0,0.0,2.7596152110772394,3.968969102829014,0.0,39.863311615658446,2.8947846898622114,4.0968666234398405,-1.4020729244501595e-05,42.01792391745157,2.6487775572598116,3.831947722595304,-3.818197417504443e-05,38.883098882400155,2.6581399277824698,4.15397046065593,-0.15321544344581994,21.838944710464673,2.716127530019244,3.847365166409158,-0.0001990539977478889,39.80313913613347,2.819433611871392,4.323847842692966,-0.16742605179673253,23.08058328663851,2.8565498998241177,3.990576555373779,-6.711764489031324e-05,41.97314431438645,2.492663640705916,3.9651908445431827,-0.16134330083191228,20.410942592478637,2.61596934416238,3.756870812152232,-0.00028874285174262937,38.82251106793074,8.284870844802033,9.947026218453448,-0.5112018617375516,64.97781477124359,11.011201715172048,12.09307180001566,-4.850673105431847,51.813609170962934,8.20408073194828,9.739595821491587,-0.5200845635140099,64.9458490970681,7.313583418723253,8.589662801883597,-0.5476266501414535,59.419457913741745,9.412541505197181,10.240900248835713,-5.441977374101492,48.81187206860144,7.248166641745792,8.40160430254189,-0.5607849868159038,59.40438790278822,
synthetic,E00b,sec_P0+k*MRR_fitted,physics,1,0.01,1.7367018162857624,2.411662912451727,0.6307863291903517,25.533183000855814,1.7748953756973878,2.4624810504295285,0.6387164126471057,26.511876867970496,1.7741288252450707,2.435491216949107,0.5960286494984952,26.068774356219382,1.7177630577264362,2.448675422364248,0.5992753241499349,16.19199088175013,1.6886430548638853,2.21334741260904,0.6689765225509541,25.40466324628536,1.7960247170685428,2.5689221466571968,0.5879115322626759,16.933087215144134,1.7323318073223861,2.296610756688439,0.6687677279761239,26.399627493453394,1.7761402727004567,2.5036632077307726,0.5369965318777071,17.035560307563102,1.7381093328818593,2.3192266515404754,0.6187944235004434,25.963604105361448,3.0763611877883186,4.374639542989558,0.7077055944082384,31.898654508815365,3.7924387912664415,5.1931683588591735,-0.07894020160044302,22.7586922943855,3.0080614494729105,4.1045897805935905,0.7300238508377701,31.820545613699895,11.677083599325004,15.206334719565582,-3.850238120732951,76.40230531607166,16.902856764737635,18.68799004008647,-20.452015950977763,94.14895556931587,11.67570626054643,15.211940914966029,-4.116675702160922,76.52636866029765,
synthetic,E00c,handbook_physics_zero_fit,physics,1,0.0,1.797998610745164,2.365608938665621,0.6447529592142025,18.928562820458065,1.80947978635891,2.430443906961019,0.6480559374420518,18.71467110857868,1.7751193735014932,2.2742752544769416,0.6477398767348637,18.719047680417937,2.100219951373992,2.6869748830646327,0.5174849592726216,18.99130953967122,1.7426447752445178,2.125331892271604,0.6947798927549909,18.716851585166346,2.1584800875489565,2.8292732449871143,0.5001515372979255,18.89700124618619,1.758966539745825,2.225691955810715,0.6889086277253804,18.499825533681598,2.072852953879369,2.587177509961703,0.5055926890198861,18.74222216316575,1.7317691869832856,2.111997939461658,0.6838742743672814,18.526654026256004,3.4493656298532858,4.940416716422272,0.6272109736697881,20.40703066635582,4.7959200153394,6.110119736202876,-0.49359211594551433,21.56572436140867,3.3698042731978157,4.620798098635321,0.6578473837998399,20.269460895686784,1.9541552749557882,3.029661368664774,0.8074683435102317,14.32382270525146,2.3080357060336474,3.5287593294562507,0.23513110111022395,11.447470630946219,1.877668668448334,2.6133862736088513,0.8489829982523169,14.128172106384909,
gmtk,E02a,ridge_linear,linear,2,0.0,0.8487817431076713,1.6911447203870023,0.359586672312438,65.319485679741,0.8330976061756746,1.5378691628411205,0.37314246492295333,59.90131084772051,0.8057300231105052,1.488374524374879,0.333627196465454,64.66991060360048,,,,,,,,,,,,,,,,,,,,,,,,,,,,,,,,,,,,,,,,,,,,,,,,,
gmtk,E02b,ridge_poly2,linear,3,0.0,0.6324022872625225,1.3508729468664016,0.5913722822345233,52.61081901296305,0.6611976049194092,1.368638378758303,0.5035134341405161,54.071267655920295,0.6298283389653317,1.3817749678198108,0.42566213445107437,56.23208947578061,,,,,,,,,,,,,,,,,,,,,,,,,,,,,,,,,,,,,,,,,,,,,,,,,
gmtk,E02c,ridge_poly3,linear,3,0.0,0.514094518638323,1.1491228128178719,0.7043133572648131,46.24804587492738,0.596306608208801,1.9064993462936832,0.03660720319944255,48.76960988941945,0.6069418442993546,1.882897363009645,-0.06646376166862522,57.47729864167184,,,,,,,,,,,,,,,,,,,,,,,,,,,,,,,,,,,,,,,,,,,,,,,,,
ibarmia,E02a,ridge_linear,linear,2,0.0,0.9529591803358001,1.9692642116495955,0.2283820423854498,64.82655462458641,0.9847259857060294,2.0017742216102152,0.19258617286592272,67.73259830988268,0.8742016877384541,1.6990364730560927,0.24716850395316325,60.0187017832978,,,,,,,,,,,,,,,,,,,,,,,,,,,,,,,,,,,,,,,,,,,,,,,,,
ibarmia,E02b,ridge_poly2,linear,3,0.0,0.9406532981251217,1.9438685190480582,0.24815533486321106,65.96438872458401,0.9609086222854835,1.9875542199397873,0.2040166784140387,68.23035638712999,0.8603069884835829,1.703000946285595,0.2436511428861361,59.53081111407014,,,,,,,,,,,,,,,,,,,,,,,,,,,,,,,,,,,,,,,,,,,,,,,,,
ibarmia,E02c,ridge_poly3,linear,3,0.0,0.9590030351130762,1.9509856860201984,0.24263973553786633,61.233306283369195,0.9885156868212671,1.9985247776782868,0.19520536585411175,63.50204203151966,0.8898069554132935,1.7090585265015632,0.23826090238776,56.20825522706762,,,,,,,,,,,,,,,,,,,,,,,,,,,,,,,,,,,,,,,,,,,,,,,,,
synthetic,E02a,ridge_linear,linear,2,0.01,1.3982095734105808,2.0935311075954472,0.7217703555990628,16.669119588462937,1.4919314539421238,2.193682191123103,0.7132853677540121,17.407385508091295,1.4252966728904362,2.057350625995245,0.7117335784907746,16.98618882378996,1.4945437907004786,2.3041675502454,0.6451770076395875,13.48337392945886,1.349278332453727,1.87030479712504,0.763634330885782,16.490087864763336,1.6719289409613567,2.501558851502889,0.609240068833659,14.83023973554724,1.447319796615645,2.002648233995971,0.7481353609326717,17.231471245938657,1.5423748752691018,2.286538841903192,0.6138201619850923,13.91271760359073,1.388982732490516,1.9271677955159021,0.736784222302193,16.836724280958887,4.1040023936680265,5.655432332925113,0.51149661718322,26.118632615372317,5.592811466944633,6.954967392008217,-0.9351862383324963,25.161452209539092,4.024784316860356,5.36011702835507,0.5396009455372567,26.00213525236617,3.0700151857335722,4.2919386414868965,0.6136143595383543,21.95678183508236,3.980382563334759,5.142757472772041,-0.6245572143067637,19.66820723134912,2.9945574542584117,3.9729463271441228,0.6509850517263962,21.79382451393563,
synthetic,E02b,ridge_poly2,linear,3,0.02,0.6776574219269351,1.341773385053866,0.8857114007105772,6.999994624774818,0.7045195566597247,1.3977950077943302,0.8835902360998467,7.213089870764742,0.654522918322962,1.2273137389093494,0.8974138757043337,6.9107726508499345,0.7899671831543466,1.4885218173786228,0.8519208029160965,6.793921801838307,0.6254071931035088,0.9771802995970441,0.9354778206770331,6.773756888363847,0.860888988178051,1.627845281630079,0.8345316922134584,7.357048501617748,0.6556145900752551,1.0857911425187243,0.9259627220051044,6.981731163167947,0.750353300623176,1.3471963325515985,0.8659415439393526,6.475580492702164,0.6128114350775317,0.9758731812765852,0.9325068613211651,6.701259174460351,1.7809325665016946,3.22549255265237,0.8410984836385976,10.342200707292875,2.49566458847359,3.9907169728364607,0.36286065185293215,11.111121752517775,1.7038661454518385,2.785127225343065,0.8756986181511938,10.192905161658675,1.5730208980453948,2.4420669987416614,0.8749081203324136,11.98945916013278,1.8806457359941084,2.7873976112654515,0.5227556777422804,10.237459744428309,1.5017042640902112,1.9932055796421257,0.9121538321772802,11.802541386558097,
synthetic,E02c,ridge_poly3,linear,3,0.1,0.5092817368091767,1.1639305309624173,0.9139999538280071,5.177776404945219,0.6066083062370862,1.304843200224393,0.8985576989927233,6.149936554318002,0.5674155370646825,1.1352412054125844,0.9122284590503231,5.944159419576584,0.5888277981080745,1.2782262041041375,0.890805924696571,4.979268909910428,0.4573981254868174,0.7351470021856871,0.9634819143077767,4.94855504532555,0.7388174169358801,1.5133767354578636,0.8569846404538063,6.275894560148103,0.5576691389889769,0.9730170456044231,0.9405435806324517,5.914478674344804,0.6608393557119381,1.259469546709956,0.8828323359667897,5.8344354122062665,0.5258844596030193,0.8621435554593003,0.9473216660295549,5.735022225977993,1.6046445691141262,2.936188911425705,0.8683248132274578,10.167851293948175,2.207517942388685,3.6092042370877273,0.47885870512323647,10.272414206233115,1.5307651142971166,2.4859148160933606,0.9009719186181802,10.02497621493948,1.6174154642470735,2.640342274754248,0.8537706910918589,11.002470629127698,2.1079264989291424,3.1221120060102527,0.4012577817857985,11.156280478855042,1.5483531155103085,2.2389521941680877,0.8891569994898344,10.827860984642815,
gmtk,E03b,ridge_linear__global,no-regime baseline,2,0.0,0.8548470057348245,1.6907417570864904,0.3598918293101514,66.34323542514764,0.8381329247939019,1.540075238293891,0.37134271896748317,60.78616698681121,0.8131527884892702,1.4941241103704437,0.3284688603655266,65.90079618748084,,,,,,,,,,,,,,,,,,,,,,,,,,,,,,,,,,,,,,,,,,,,,,,,,
gmtk,E03c,ridge_linear__kmeans2_onehot,kmeans+model,4,0.05,0.8571011360000292,1.688350896689922,0.36170088997889605,67.21499357243229,0.83746232982953,1.5420576181931989,0.36972326609537,61.421537297058194,0.8149775929563033,1.5029927199702005,0.3204732427104773,67.37139706483056,,,,,,,,,,,,,,,,,,,,,,,,,,,,,,,,,,,,,,,,,,,,,,,,,
gmtk,E03c,ridge_linear__kmeans2_per_cluster,kmeans+model,4,0.05,0.6864185747768408,1.4278692886082336,0.54346327551851,59.426991488555736,0.7154473728494436,1.440684347014833,0.44986693473533435,58.37064884842581,0.6616517346671832,1.3717114922795641,0.4339974826935252,57.81906844151544,,,,,,,,,,,,,,,,,,,,,,,,,,,,,,,,,,,,,,,,,,,,,,,,,
gmtk,E03c,ridge_linear__kmeans4_onehot,kmeans+model,4,0.05,0.7176819842593632,1.5798357670208745,0.44111468680328547,54.59973571545632,0.7233218859054507,1.4479497555015544,0.44430427308898235,52.7672098761083,0.6676474000039775,1.3498969247133632,0.4518568083310962,52.765693622395574,,,,,,,,,,,,,,,,,,,,,,,,,,,,,,,,,,,,,,,,,,,,,,,,,
gmtk,E03c,ridge_linear__kmeans4_per_cluster,kmeans+model,4,0.05,0.6858687738934306,1.531364173044545,0.4748833630728596,56.68212568829887,0.7185268664405579,1.4776471218241154,0.42127594049284567,58.92604406255153,0.6691906589817694,1.4174220299499694,0.39564632808229794,57.12731367465585,,,,,,,,,,,,,,,,,,,,,,,,,,,,,,,,,,,,,,,,,,,,,,,,,
gmtk,E03b,ridge_poly2__global,no-regime baseline,3,0.0,0.6319925078721396,1.3492049963679196,0.592380741294131,52.397671488695295,0.6631139064409194,1.3784735187646882,0.4963522149000096,54.051305517932946,0.6307539169379218,1.3793548540696239,0.4276722240397399,56.781433618667585,,,,,,,,,,,,,,,,,,,,,,,,,,,,,,,,,,,,,,,,,,,,,,,,,
gmtk,E03c,ridge_poly2__kmeans2_onehot,kmeans+model,4,0.05,0.6214628454719848,1.3009932698859477,0.620991532158045,52.70114792411788,0.6341523691391648,1.3165021810274797,0.5406187773733826,54.610192725117614,0.6156033622252809,1.2961184584036092,0.49466171807010584,53.61446472386503,,,,,,,,,,,,,,,,,,,,,,,,,,,,,,,,,,,,,,,,,,,,,,,,,
gmtk,E03c,ridge_poly2__kmeans2_per_cluster,kmeans+model,4,0.05,0.41940732943624903,1.0900828099882014,0.7339165913200629,39.259399120822955,0.4611286760763261,1.1963237409787546,0.62066098151522,42.622960270562956,0.45915879219025596,1.193899862740033,0.5712258320268926,43.82303379575409,,,,,,,,,,,,,,,,,,,,,,,,,,,,,,,,,,,,,,,,,,,,,,,,,
gmtk,E03c,ridge_poly2__kmeans4_onehot,kmeans+model,4,0.05,0.564928235632144,1.2292837224883226,0.6616212551305855,50.59164882854639,0.6286631299380934,1.3720462543874155,0.5010378774572399,53.94853353337838,0.6103972893392073,1.3999342981595926,0.41046700604123987,57.29821605344472,,,,,,,,,,,,,,,,,,,,,,,,,,,,,,,,,,,,,,,,,,,,,,,,,
gmtk,E03c,ridge_poly2__kmeans4_per_cluster,kmeans+model,4,0.06,0.4319166477135025,1.100399025598449,0.7288564938816553,40.97549219506069,0.5150588890115309,1.4550410691214397,0.43884792046430676,47.98469748418762,0.5552448590689013,2.7201769176376835,-1.2258049833120275,52.81758464240796,,,,,,,,,,,,,,,,,,,,,,,,,,,,,,,,,,,,,,,,,,,,,,,,,
gmtk,E03b,lightgbm_default__global,no-regime baseline,6,1.61,0.21748383033023813,0.6280402347806012,0.9116770130522666,24.746983758784886,0.32886753351327963,1.1204237538479571,0.6672679094620702,35.55463605295511,0.34861670069764517,1.1944549885869467,0.5708270063509606,39.66011308826838,,,,,,,,,,,,,,,,,,,,,,,,,,,,,,,,,,,,,,,,,,,,,,,,,
gmtk,E03c,lightgbm_default__kmeans2_onehot,kmeans+model,4,2.25,0.21882052071182115,0.6320653173454107,0.9105412688417909,25.136174750837135,0.3229118180405023,1.0991252108590155,0.6797977256088891,35.547193567643816,0.3427674607711837,1.1904889338762488,0.5736723169462712,38.59450620566515,,,,,,,,,,,,,,,,,,,,,,,,,,,,,,,,,,,,,,,,,,,,,,,,,
gmtk,E03c,lightgbm_default__kmeans2_per_cluster,kmeans+model,4,3.64,0.22246544583758915,0.7959996110884526,0.8581189073627291,23.98609157658869,0.3044215040709287,1.0435627520304198,0.7113528909257256,34.71319003593531,0.3588706680441785,1.2585076645140232,0.5235640349192664,43.1263664141521,,,,,,,,,,,,,,,,,,,,,,,,,,,,,,,,,,,,,,,,,,,,,,,,,
gmtk,E03c,lightgbm_default__kmeans4_onehot,kmeans+model,4,1.98,0.21083981929758344,0.6147775892983144,0.9153679484789922,23.82062487155175,0.32196654362652133,1.1268125690918385,0.6634625196737657,34.69413400082418,0.32519726008419514,1.156154913358252,0.597908523878662,36.18769563399739,,,,,,,,,,,,,,,,,,,,,,,,,,,,,,,,,,,,,,,,,,,,,,,,,
gmtk,E03c,lightgbm_default__kmeans4_per_cluster,kmeans+model,4,4.97,0.18899933586999812,0.7423619375326627,0.876595724565342,19.694650431565474,0.31372092019923564,1.1192995305363276,0.6679352953588411,32.30580135917275,0.31896753403648925,1.2074002164512772,0.5614740408962826,36.49809755667478,,,,,,,,,,,,,,,,,,,,,,,,,,,,,,,,,,,,,,,,,,,,,,,,,
ibarmia,E03b,ridge_linear__global,no-regime baseline,2,0.0,0.9532509639317988,1.9690678611292565,0.22853590699473758,65.67454748139258,0.9854617214127879,2.002714641544324,0.19182735960037323,68.6360741436984,0.8737189215595528,1.699927515696828,0.24637866703868228,60.78245717517486,,,,,,,,,,,,,,,,,,,,,,,,,,,,,,,,,,,,,,,,,,,,,,,,,
ibarmia,E03c,ridge_linear__kmeans4_onehot,kmeans+model,4,0.06,0.9544520570687652,1.9640320609281032,0.2324768288239618,66.75947857963939,0.9881181634123283,2.0019664002830906,0.19243113523534605,70.1761520090809,0.8756934421841965,1.6957714236958088,0.25005916607317646,61.63950398283469,,,,,,,,,,,,,,,,,,,,,,,,,,,,,,,,,,,,,,,,,,,,,,,,,
ibarmia,E03c,ridge_linear__kmeans4_per_cluster,kmeans+model,4,0.06,0.9528057795846532,1.9478579415884532,0.24506613011305878,67.98586129018334,0.9791026086317918,1.981815317656835,0.20860671725510838,71.2207044995181,0.8759256349118126,1.6981849607233739,0.24792291349762585,62.14362231080105,,,,,,,,,,,,,,,,,,,,,,,,,,,,,,,,,,,,,,,,,,,,,,,,,
ibarmia,E03c,ridge_linear__kmeans9_onehot,kmeans+model,4,0.08,0.9546998453613267,1.9592219543073606,0.2362317037950301,66.7447557129871,0.9819919552753604,1.9930985979715186,0.19956961693566277,70.24066941371537,0.8709019990522163,1.689676987752293,0.2554399071405373,61.34262530744551,,,,,,,,,,,,,,,,,,,,,,,,,,,,,,,,,,,,,,,,,,,,,,,,,
ibarmia,E03c,ridge_linear__kmeans9_per_cluster,kmeans+model,4,0.09,0.9503927267898398,1.9369190732861137,0.25352150443654153,68.30256192435435,0.9850023217575228,1.968875654031366,0.21890730591983154,71.34023173172437,0.8780693207558453,1.6828866579289639,0.2614122316902454,62.87333204573835,,,,,,,,,,,,,,,,,,,,,,,,,,,,,,,,,,,,,,,,,,,,,,,,,
ibarmia,E03b,ridge_poly2__global,no-regime baseline,3,0.0,0.9475842944853423,1.942908237249107,0.24889798222722892,67.54974137889154,0.9685326373295758,1.9892669523300632,0.20264424408907022,69.89631793616078,0.8694183661146948,1.709155590268791,0.23817437595826896,61.03173477913146,,,,,,,,,,,,,,,,,,,,,,,,,,,,,,,,,,,,,,,,,,,,,,,,,
ibarmia,E03c,ridge_poly2__kmeans4_onehot,kmeans+model,4,0.06,0.9612316800210651,1.9244408290585768,0.26310862333593554,70.20444918757104,0.9925852516573676,1.9806046016181567,0.20957336622389577,73.21169695550617,0.8937833206372492,1.7087017913215015,0.23857886782850857,64.90510780561917,,,,,,,,,,,,,,,,,,,,,,,,,,,,,,,,,,,,,,,,,,,,,,,,,
ibarmia,E03c,ridge_poly2__kmeans4_per_cluster,kmeans+model,4,0.08,0.939422529704713,1.8449494786592155,0.3227277121140233,69.98316453460163,1.020015901127103,2.025283459003915,0.17350994990690483,76.17394350833047,0.9156251682483996,1.707493369909852,0.2396554655626263,64.75558797270511,,,,,,,,,,,,,,,,,,,,,,,,,,,,,,,,,,,,,,,,,,,,,,,,,
ibarmia,E03c,ridge_poly2__kmeans9_onehot,kmeans+model,4,0.09,0.951803135140119,1.8802265455143066,0.2965800046899306,70.41440327084064,1.0098856115142227,1.9577439539648736,0.2277146776164054,73.14482720332406,0.9085895683920364,1.6976110456801685,0.24843116840208734,67.96401973697387,,,,,,,,,,,,,,,,,,,,,,,,,,,,,,,,,,,,,,,,,,,,,,,,,
ibarmia,E03c,ridge_poly2__kmeans9_per_cluster,kmeans+model,4,0.1,0.9008421525768152,1.765889282777557,0.3795292810253357,68.20523766072124,1.0194081126712333,1.9465181848410982,0.2365459051296558,76.61872943639197,0.9056951750897502,1.6521462094076826,0.28814861719512475,68.43760226717099,,,,,,,,,,,,,,,,,,,,,,,,,,,,,,,,,,,,,,,,,,,,,,,,,
ibarmia,E03b,lightgbm_default__global,no-regime baseline,6,1.63,0.34520334137606945,0.5797889574320814,0.9331141533504453,25.60326751442823,0.6130322274921031,1.1717497089521662,0.7233467944180209,41.894875474833846,0.5518455707073869,0.935354486452949,0.7718371968655867,40.760438770685695,,,,,,,,,,,,,,,,,,,,,,,,,,,,,,,,,,,,,,,,,,,,,,,,,
ibarmia,E03c,lightgbm_default__kmeans4_onehot,kmeans+model,4,1.67,0.34678888948733166,0.5810960618362272,0.9328122319937,25.822695057143324,0.6155120602345149,1.1708106061198036,0.723790066041356,42.60884832580913,0.5564128326000577,0.9477064810623145,0.7657713163530544,40.82616314733619,,,,,,,,,,,,,,,,,,,,,,,,,,,,,,,,,,,,,,,,,,,,,,,,,
ibarmia,E03c,lightgbm_default__kmeans4_per_cluster,kmeans+model,4,5.51,0.2881375328027957,0.519934655144561,0.9462111969215548,23.164635446705997,0.6537989996528307,1.266234969779675,0.6769315078207108,49.589579039530186,0.5893099183253112,1.05800775410581,0.708075814125904,46.418917179706156,,,,,,,,,,,,,,,,,,,,,,,,,,,,,,,,,,,,,,,,,,,,,,,,,
ibarmia,E03c,lightgbm_default__kmeans9_onehot,kmeans+model,4,2.08,0.34563120908221856,0.5853955360420361,0.9318143221369124,25.65063618756903,0.6136077629393112,1.1666727453498256,0.7257389698213943,42.36139582198556,0.5578336449697046,0.9364057394393764,0.7713240403666486,41.19513588073495,,,,,,,,,,,,,,,,,,,,,,,,,,,,,,,,,,,,,,,,,,,,,,,,,
ibarmia,E03c,lightgbm_default__kmeans9_per_cluster,kmeans+model,4,6.83,0.2364097154632827,0.48794561134007775,0.9526263134614857,18.846212402445378,0.6976670753186875,1.3766122604009092,0.6181531041671513,51.844238433525156,0.605077489357177,1.1539615168529316,0.6527237939732816,45.26317344613465,,,,,,,,,,,,,,,,,,,,,,,,,,,,,,,,,,,,,,,,,,,,,,,,,
synthetic,E03b,ridge_linear__global,no-regime baseline,2,0.01,1.3983918862048552,2.0935297211946513,0.7217707241034249,16.675309023271527,1.49210729616009,2.193609065712712,0.7133044824423518,17.41323145122485,1.4255735282810276,2.0574017896014207,0.7117192406984036,16.993846000767704,1.4944425500602387,2.3037878746708453,0.6452939318834352,13.483307398769789,1.349461301521016,1.8703178167060035,0.7636310400930921,16.49628949526637,1.6718873323209982,2.5011798034701282,0.6093584794490425,14.830978117853935,1.4474956734940483,2.0025747775877667,0.7481538372003649,17.237324208585694,1.5423861126973808,2.2862046191487013,0.6139330493358386,13.913613115872932,1.3892611185478454,1.9272344478834376,0.7367660150052657,16.844405808484083,4.10251929511402,5.6537310614179095,0.5117904769042272,26.111244587411058,5.590556673165629,6.952831334628594,-0.9339977254806047,25.15133351090748,4.023304324698953,5.358356464096262,0.5399033378166296,25.994748911241132,3.069094808461304,4.290536334515525,0.6138668061859539,21.96156233954946,3.978231203389098,5.1407361478650095,-0.6232804235389737,19.657910372635435,2.9936361368510767,3.97145524572774,0.6512469792750795,21.79862432126298,
synthetic,E03c,ridge_linear__kmeans4_onehot,kmeans+model,4,0.11,1.3346711315752413,2.026709163764958,0.739248133306664,15.390178315734376,1.4107965596390117,2.116224570757683,0.733175353130431,15.965280620808775,1.3560949264695683,1.9757940001653653,0.7341352526709992,15.667334487162558,1.437993578906305,2.2222229056363396,0.669965849237567,12.950609959471803,1.2855910257822536,1.7969432343043146,0.7818132677304106,15.20617681890378,1.5886071515212892,2.407063949442604,0.6382039405310203,14.072889892014492,1.3654258097013876,1.9170470051747102,0.769206603900593,15.779243582439104,1.4805679271172767,2.1899295619381354,0.6457639781868987,13.384863932039195,1.3198649251596124,1.844217272672349,0.7589556093710483,15.51291322244926,3.965975390376947,5.4999771607019685,0.537983243713394,24.915526743582888,5.396926690063569,6.746405554820747,-0.8208637938062582,24.22957745639673,3.885806090977284,5.192843079283716,0.5678880494496206,24.79326486073486,2.6648168877511234,3.8408165318461704,0.6905709432401037,18.637474992386206,3.4296411324657656,4.587758682837773,-0.29283783999085466,16.792083234067267,2.590324582706632,3.4986100243161076,0.7293489573170169,18.47031005266968,
synthetic,E03c,ridge_linear__kmeans4_per_cluster,kmeans+model,4,0.11,1.1138102619277632,1.88151490575605,0.7752706010068946,11.101678605895252,1.1663456491623698,1.9490229883091055,0.7736730028265935,11.367219717100031,1.1383605125397738,1.8525595149335454,0.7662660660977123,11.302051285159703,1.339611374469162,2.1010698458803128,0.7049710581179256,11.8902661175547,1.0631125820747005,1.6310520673855136,0.8202390840399613,10.893677803510466,1.4727106864502726,2.263680464957222,0.6800229564514555,12.855215260882483,1.1193793759628001,1.72933254402955,0.812191656007462,11.156617517248186,1.3904889525404813,2.10023667606253,0.6741866269409282,12.285668616344658,1.1003468874402451,1.7088771018250626,0.7930361379827685,11.121688155832366,3.183769438947658,4.9459804054497365,0.6263708623162537,16.197879750762397,4.691345267370063,6.13919216903608,-0.5078391886226294,20.8665355395084,3.101780450929765,4.611703267938597,0.6591929339186824,16.046672453687233,2.7432803194208657,4.059800761953443,0.6542808708328893,15.336649123545792,3.8526004965114176,4.931081644188754,-0.4935759426780173,18.9119070001186,2.6677118101381514,3.7260319362508887,0.6930188008982971,15.152849789224494,
synthetic,E03c,ridge_linear__kmeans10_onehot,kmeans+model,4,0.15,1.2640110512608391,1.9570439260750427,0.7568659911094819,14.56997047763418,1.3748278939110068,2.072863431840066,0.7439977287449753,15.561481821300832,1.2630859521222455,1.888319456361033,0.7571554470535748,14.568275814100632,1.344154530761736,2.13772429809716,0.6945873445164248,11.994614215152367,1.2142525295712279,1.7171898465848279,0.8007509561272492,14.379938845851688,1.5563665017220893,2.3647407136338905,0.6508149571135586,13.759349802526675,1.3295049189163302,1.8693943128400485,0.7805378201485973,15.378293682789842,1.3591069258934902,2.0949918529776497,0.6758118721570884,12.133511051441015,1.2261005718481481,1.7486729504360183,0.7832844655442094,14.40764130128124,3.7029625791227043,5.176550938133875,0.5907233779073646,23.94092131911362,5.025078470984957,6.34816735230685,-0.6122385641741313,22.7479052370104,3.6234932306872705,4.859304696146423,0.6216147985432423,23.81843123974208,2.242541492966022,3.3061120055215385,0.7707290163749659,17.44014692963578,2.71282292886545,3.873261548859645,0.07849738445008292,13.577603093910518,2.167625927436673,2.9232587237098437,0.8110472830476252,17.265679537725727,
synthetic,E03c,ridge_linear__kmeans10_per_cluster,kmeans+model,4,0.16,0.8570034309046994,1.615685504347463,0.8342863737164595,8.137365766726425,0.9035876947516589,1.71381155009863,0.8250038197897019,8.269533611645057,0.8576220092589911,1.5364903974400355,0.8392181092437874,8.157515204112526,1.1552088675059689,1.8878132634676388,0.7618219649871159,10.306768871443586,0.8059394542311171,1.3290109505981247,0.8806515615725089,7.91881480186319,1.250426191104341,2.0626308035751637,0.7343366933413502,10.669446312533767,0.8557325247075099,1.4636883299462533,0.8654588688296624,8.04577431066889,1.1564039538646222,1.8097261948260732,0.7580875750850011,10.288625303066848,0.8170582541812677,1.348233075427379,0.8711742102901932,7.955194147813979,2.499816841912062,4.170174803350299,0.734389967837821,12.303512351324299,3.7725736607552744,5.203495353703815,-0.08323557108522239,16.887628454986537,2.4206440539179734,3.808187900441419,0.7676072275781091,12.151034863352802,2.303594636150617,3.738192780623664,0.7068854630290391,12.84852309965574,3.309551079561165,4.549054250863838,-0.271115912747784,16.975460584318043,2.2276507581039002,3.39134104175306,0.7456910974824171,12.65503839896569,
synthetic,E03b,ridge_poly2__global,no-regime baseline,3,0.02,0.6767264732269649,1.342339729071507,0.8856149010701329,6.978599152913123,0.7039049968340464,1.3985688319997467,0.883461310718022,7.201019822730503,0.6537667078137449,1.2275303123904657,0.897377667530974,6.893565909279601,0.7922584253015296,1.4909102603943543,0.8514452136815771,6.812869577067551,0.6244304212143892,0.9774147855701496,0.9354468512412628,6.751978719816931,0.8627679543169613,1.6296962557447126,0.8341551801610165,7.374183596859563,0.654987869655573,1.0864387577062287,0.9258743772712484,6.969585789690182,0.751971320508181,1.3499511484133568,0.8653927242306286,6.487130410816773,0.6120723394733898,0.9764681006011938,0.9324245448635939,6.684069837202218,1.789547381183134,3.243201317413959,0.8393488753709418,10.301311767028903,2.516264741798104,4.0149566502877905,0.355097156669518,11.18031544290347,1.7124414060670885,2.805042523117064,0.8739146065285458,10.15177720516338,1.5345632359937955,2.40853366434613,0.8783199412732668,11.702524197451003,1.8259433125044118,2.74733214897182,0.5363766937164893,9.89121671899673,1.4629970286875724,1.9499654457329123,0.9159239183451149,11.514460283337439,
synthetic,E03c,ridge_poly2__kmeans4_onehot,kmeans+model,4,0.12,0.6479065500167863,1.3145989981525172,0.8902938036492416,6.590271493392713,0.6818147790986561,1.3751027973692624,0.8873392159345049,6.94020150223477,0.6426757442807666,1.2123132025377668,0.8999062177256001,6.735509777026222,0.7483598665983476,1.4505902339102876,0.8593715660713153,6.373857301194022,0.5958637254244383,0.9431360286654128,0.9398953194238501,6.364226203340537,0.8250463696800353,1.596645353425735,0.8408137697152761,7.026159700708368,0.6330336527040137,1.0583625481812593,0.9296560452355438,6.709006008691346,0.7261300745251498,1.320561404758842,0.8711899852055633,6.279116191579726,0.6011453281847354,0.9599934964082995,0.9346855249481597,6.527031292235691,1.687563794421029,3.1104373161512076,0.8522325218021475,9.71594569036059,2.3854593533696193,3.851050521117224,0.4066772475157616,10.726301793803035,1.6114101814471007,2.6630984600290226,0.8863523849399068,9.567710442764016,1.511489585977915,2.426242352497061,0.8765240637370338,11.412629320433549,1.8334920895861797,2.763646690253761,0.5308540562626822,10.063415288430576,1.439320852142292,1.9630834447041081,0.91478890361229,11.222391294095674,
synthetic,E03c,ridge_poly2__kmeans4_per_cluster,kmeans+model,4,0.21,0.5941550712781208,1.2577931383664727,0.899570105554321,5.844579329412933,0.6890847988761867,1.3928481367962695,0.8844127387914228,6.798479351414996,0.6369043334233546,1.2163554005213275,0.8992376225010863,6.5688160579435495,0.7026901063365352,1.3867924963693379,0.8714693783298259,6.05158521622005,0.5424873685069884,0.8707959842939993,0.9487619660127296,5.618820794589481,0.8709536823220972,1.630131413013467,0.8340666014289773,7.636679699936871,0.6404793242371084,1.084472326363053,0.9261424660758782,6.566479950950003,0.7566647053596564,1.3508536298847842,0.8652126863395007,6.889706280515551,0.5953290047437783,0.9644097423999624,0.9340832120071008,6.360085698818185,1.569762746742289,2.914350303831999,0.8702762603778132,9.002330502842833,2.235588610517498,3.605468584209647,0.47993694583538116,10.357375535955128,1.4956943448854338,2.4602088461166005,0.9030093587002838,8.856572153043528,2.086066129861599,3.5521862459326514,0.7353295683904945,14.003263876277808,2.809573452128087,4.278646957411686,-0.12449060060099892,15.925438139280207,2.0162007356164677,3.2486644090196597,0.7666389698551705,13.83160227886834,
synthetic,E03c,ridge_poly2__kmeans10_onehot,kmeans+model,4,0.18,0.5954648416396401,1.2658687516666478,0.8982763529175255,5.967032387917528,0.6447511874928162,1.3352934150234665,0.8937678789265403,6.484708151826553,0.5819422294299388,1.147150126627388,0.9103773160798292,6.014148411437394,0.7087750312283111,1.405058081581962,0.8680613012870436,6.086127277657288,0.5432854419699615,0.8758089321532706,0.9481703396906636,5.738181242659349,0.8042247527588839,1.5606193471122867,0.8479163424558772,6.929782031689603,0.5959495179655645,1.0100152699387317,0.9359360468596246,6.251767057231003,0.6875826006185024,1.269783152352791,0.8809055424641778,6.065649010082438,0.5400382288108643,0.8743332246878055,0.9458215192281508,5.802057031325293,1.5235683103269202,2.8721677986283702,0.8740043439512781,8.752590479502945,2.184625368591359,3.563548757110765,0.4919599136430224,10.025452296852775,1.449545935053553,2.4120758896500845,0.9067673959282517,8.606905090517433,1.6623464915659245,2.6338389645688736,0.8544901458469784,11.36339339779014,2.1968619902474025,3.12350406472821,0.4007237393579487,12.24573866480345,1.5912064496288891,2.222413782647938,0.890788473941676,11.173717930106285,
synthetic,E03c,ridge_poly2__kmeans10_per_cluster,kmeans+model,4,0.21,0.5144931277742038,1.1592035445591202,0.9146970668445704,5.03941080575793,0.7713629477972462,1.595889661869316,0.848257176403019,7.944267643926415,0.7267387677047555,1.5881210360590583,0.828231063182981,7.694505169668507,0.6272624755497764,1.2841012042639914,0.8897998594506262,5.473958148313643,0.4637321483083368,0.7472273619463627,0.96227188082999,4.815323265115894,1.0121987283515725,1.896789210919218,0.775339502259012,9.607852469627662,0.7230952965692121,1.340157852076148,0.8872102160181554,7.716261331972468,0.9351878528143005,1.8691013313536593,0.7419534106739387,9.202528230512872,0.6854754777756251,1.406192563939144,0.8598598903468074,7.489992061104966,1.6186581643015423,3.002837525175656,0.8622791725143565,9.88448472329813,2.3169088286425943,3.6773266708406376,0.45900033790688066,11.483619412048519,1.546573130483427,2.581429855024963,0.8932159135963268,9.745761844529605,4.198084844256115,7.7629627821196125,-0.26406374964475754,26.22206314205358,6.073006239900498,9.537111928657158,-4.58697441382128,35.14169222682336,4.133044841852018,7.6262240447447285,-0.2859904755025007,26.092311229603975,
synthetic,E03b,lightgbm_default__global,no-regime baseline,6,1.96,0.3032392755345784,0.8713163587832982,0.9518056308733092,3.1080015293238317,0.684024064544053,1.384313922665869,0.8858248444625851,6.393453184875479,0.6389951307765008,1.2205802301259931,0.8985364406181192,6.1410083504724735,0.3339845638760217,0.9195104032858231,0.9434936914941664,2.9299353252842035,0.2575520472759944,0.399011431708755,0.9892420307375465,2.8985345465022228,0.9004608427412663,1.6298904798927845,0.8341156476553006,7.595599513667434,0.6356404422235253,1.0839074206278416,0.9262193913726751,6.15902160840184,0.8214243181136469,1.390122393546787,0.8572623611224924,7.16364488882542,0.5980846986074554,0.9762774801720813,0.9324509256638372,5.933871295803575,1.969477547735862,3.496004580368076,0.8133276733174477,9.978080521761356,2.93156628915547,4.354928209759844,0.2412572209858157,13.104580843288224,1.8935890252495926,3.106603060791176,0.8453473340197514,9.828210370980887,3.148406798349894,4.64646022357165,0.5471457829981432,16.98087866967563,4.562349883439046,5.6815911416050335,-0.982818119469022,22.647802236124306,3.0712310546395396,4.336285455551986,0.5842288411562804,16.79556518393316,
synthetic,E03c,lightgbm_default__kmeans4_onehot,kmeans+model,4,2.13,0.3031178207993081,0.8696910332613424,0.9519852636296573,3.0922598747573566,0.6950620745961631,1.4128795849953757,0.881064161638336,6.475322451331346,0.6396299270155203,1.2166290090066467,0.8991922861754944,6.199954090082093,0.33438798902844047,0.9196532460991056,0.9434761340049027,2.923068343631908,0.2576199960673509,0.400711967432582,0.9891501371545689,2.884173760998228,0.916441729864321,1.6668304581277498,0.8265112048644567,7.723380071412282,0.646947164764522,1.1243527461310865,0.9206105077646145,6.242378954496992,0.821823201767383,1.3836068348630666,0.8585972593402991,7.23915154325989,0.5986225453685573,0.970272594108592,0.9332793316160938,5.992331828524465,1.9991309856123824,3.512269351640778,0.8115866885005779,10.169965807438425,2.9757310913425954,4.374771278080688,0.2343271019865245,13.34002130431304,1.9226224349761798,3.11679178530051,0.8443312419663658,10.019292810113551,3.119044516244174,4.598816239466524,0.5563851441315595,16.867510077825386,4.516631079828383,5.622373198873636,-0.9417005894898833,22.434127187713027,3.041553007797368,4.2828386557696945,0.594414836488637,16.68140220464734,
synthetic,E03c,lightgbm_default__kmeans4_per_cluster,kmeans+model,4,9.37,0.24223503970268445,0.7182240389763309,0.9672535340125867,2.453684879181741,0.7327356761676395,1.454689648854524,0.8739208897380584,7.045071470246429,0.713086602033695,1.3476839788671668,0.8763045964355959,6.8356194627614695,0.26966617592920905,0.7973937889466499,0.9575058311765174,2.30010612575177,0.205887478136013,0.3437112135101121,0.9920173511674415,2.290500910504647,0.9496082828697128,1.7118333816258624,0.8170166570339221,8.162717253547305,0.6835051522686402,1.150408834313013,0.9168882799137074,6.811256951256962,0.9087818326805556,1.5514418654769162,0.8222115912588516,7.779088447597536,0.6712387109104349,1.1105743225688902,0.91258859217693,6.6275090705396345,2.0554596305983037,3.6146413408801417,0.8004432707047657,10.947833654741094,3.0208823594163516,4.49767003194002,0.19070333296204445,13.619408214575438,1.9824039320654467,3.2594967635467444,0.8297500520954892,10.80736968306685,3.5091259443572422,5.073392132571816,0.46010310339830296,19.35686320936551,5.07769820129256,6.209431027239129,-1.3683535681750953,25.567802338084476,3.4315858772751606,4.778478328758779,0.495108715716273,19.177170236631316,
synthetic,E03c,lightgbm_default__kmeans10_onehot,kmeans+model,4,1.9,0.3044182413297322,0.8704651206075785,0.9518997524783431,3.1072394771812357,0.701155484524239,1.3975776346076694,0.8836264393966631,6.599450558233157,0.6358291505535572,1.2048477290546475,0.9011351851010575,6.206093067338599,0.3365974044398945,0.9162411803995137,0.9438947817247891,2.942856395760106,0.2587773253416024,0.40037893662766155,0.9891681642529913,2.8981126529934755,0.9256255814372109,1.6472407582309208,0.8305651530638604,7.86904433185191,0.6533848943284524,1.1099988650198602,0.9226245970380347,6.36837089549787,0.8145712218658921,1.3683480140650313,0.8616989230335279,7.2151991299393785,0.5948272216653325,0.953956626958612,0.9355043955109399,5.999617701504671,1.9512430245585444,3.4733650109240353,0.8157375655061758,9.989671213005474,2.894081842814792,4.326006397581996,0.2513016338778983,12.940072388337232,1.8751351280074429,3.0774167521241544,0.8482395846399933,9.839812733541581,3.133879122897594,4.616300082475708,0.5530056500610756,16.926974921372857,4.544363986831738,5.645614537105725,-0.9577866767391461,22.61972171342307,3.055785374963356,4.293904899740621,0.5923161802932276,16.741383169152098,
synthetic,E03c,lightgbm_default__kmeans10_per_cluster,kmeans+model,4,18.4,0.20224740090195234,0.640553279065088,0.9739531576577806,1.9786492865044354,0.836505362932869,1.6086698195133764,0.8458170799909983,7.930654948047003,0.7818524759494938,1.4610958341899631,0.8546098998259988,7.603477754749263,0.23505671011608276,0.7059446549787634,0.9666938103572754,1.9713239270613863,0.17041454425645705,0.3128304911174922,0.9933873159149583,1.8380378974254727,1.092963526614246,1.9084938013353812,0.772558305218747,9.236731233131241,0.7879369212844569,1.3401175663003577,0.887216996944219,7.701992090438944,0.9903672271082962,1.6902432456402905,0.7889764873879348,8.5845104542515,0.7399095962774427,1.2385502861325735,0.8912823273151895,7.39884789323885,2.4768676492164015,4.100245849938706,0.7432232190653598,13.163977503544535,3.6714586278162815,5.109341726590881,-0.044389438983179375,16.88064784456224,2.3991745171035115,3.7480593483816347,0.7748879216924096,13.017005205868628,3.665804992320529,5.2696524773800455,0.4175241556795364,20.37163677552898,5.305838484753883,6.45413837612502,-1.5587005829542142,26.9192128272235,3.5900209043669356,4.991205234518402,0.44915490272065695,20.201774584055592,
gmtk,E04a,decision_tree_unconstrained,tree,5,0.01,4.4480089127610437e-20,5.555561351410191e-19,1.0,0.0,0.2564554690454113,1.1885694839521597,0.6255625966183938,28.76111429858116,0.26719598225213886,1.2434161814519074,0.534921955180602,30.606617847257038,,,,,,,,,,,,,,,,,,,,,,,,,,,,,,,,,,,,,,,,,,,,,,,,,
gmtk,E04b,decision_tree_tuned,tree,5,0.01,0.08988283946237169,0.1892436727889509,0.9919806060327778,12.73151649218906,0.2333049382729954,0.9730568342449545,0.7490388545488373,26.686571606820692,0.2629844177338819,1.2318763418201106,0.5435144466940628,30.555919872736226,,,,,,,,,,,,,,,,,,,,,,,,,,,,,,,,,,,,,,,,,,,,,,,,,
ibarmia,E04a,decision_tree_unconstrained,tree,5,0.01,0.0,0.0,1.0,0.0,0.544778539394497,1.470608425271814,0.5642272214648423,38.35436990539065,0.4565765505184379,1.1702182682189857,0.6428701728470958,33.295242030211995,,,,,,,,,,,,,,,,,,,,,,,,,,,,,,,,,,,,,,,,,,,,,,,,,
ibarmia,E04b,decision_tree_tuned,tree,5,0.01,0.24546721058146617,0.5480464570190066,0.9402374529537891,20.527775428821943,0.5616848816464669,1.4038265746700231,0.6029063731137188,37.91147273701617,0.47679719683766936,1.0128566667372698,0.7324602244035301,35.032876184194926,,,,,,,,,,,,,,,,,,,,,,,,,,,,,,,,,,,,,,,,,,,,,,,,,
synthetic,E04a,decision_tree_unconstrained,tree,5,0.09,3.761077364811032e-19,1.5828394778643318e-17,1.0,9.729064476520746e-18,1.2743465430016863,2.549688082301841,0.6126740932385841,12.011330985845404,1.237735571878279,2.697571645145417,0.5044090047931971,12.099323266076295,0.0,0.0,1.0,0.0,3.7786786628382267e-19,1.586538884643449e-17,1.0,9.774595090960962e-18,1.7282375979112274,2.9907070057522978,0.441483109441393,14.676387549814773,1.2310929887735649,2.4058663696833964,0.6365029779929159,11.819962963128782,1.6956290531776912,3.2179951625829495,0.23510256702632415,15.566354422302858,1.1988532883642498,2.5972398437708493,0.5219239667914972,11.914054076567753,2.7591545893719807,4.366254129201935,0.7088250742820685,15.447211097766452,4.071268939393939,5.395684126871188,-0.16473092149145607,19.39301373421409,2.6833010296789825,4.0377545243651065,0.7387443422680329,15.310035707676354,4.11858542559706,5.760443350418994,0.30397347753668147,23.7441447077091,5.921724137931035,7.033611098755518,-2.0387825699788573,30.503997271007744,4.047473878303626,5.513219158964721,0.32790735055539844,23.604601074938124,
synthetic,E04b,decision_tree_tuned,tree,5,0.04,0.7120675796091178,1.4162078649153984,0.8726794319245017,6.810551994415627,1.0332525417471428,1.887976502007197,0.787628806516088,9.677661982936701,0.9899623562527908,1.7009334126979252,0.8029610631483952,9.740803170561266,0.9234924333292356,1.625818094767388,0.8233443437508212,8.06687950017804,0.6623638261713195,1.1057751853858973,0.9173784569406676,6.59594705869667,1.4252728177389216,2.2772512143548416,0.6761749359794618,12.436836226859034,0.9885067516567938,1.6845002591036007,0.8218031516909321,9.469857484814211,1.3488307691930073,2.0188515167403853,0.6989482289090311,12.447537212065342,0.9528312783483133,1.5532225383483773,0.8290220023809143,9.560225774632821,2.3743325376228173,3.8889091167394416,0.769010870411464,12.41697189749416,3.534450145348012,4.845487496460815,0.06069307297192317,16.302270894535415,2.298412090407889,3.524681254649667,0.8009209420312584,12.273695377601616,4.212685374207514,5.891398113360732,0.2719675929702525,23.345179035106455,6.120489173404755,7.219997030587507,-2.201967807232362,31.127499330498114,4.136355222748642,5.631707706052521,0.2987080647313779,23.177946891284602,
gmtk,E05a,random_forest_default,forest,6,0.3,0.09101058953930721,0.32791944798568523,0.9759212930209441,9.55372076705011,0.2332416600567959,0.932877098778048,0.7693364685272888,24.683948238655194,0.2443325529417707,1.029939385883003,0.680907834778883,28.093232233438332,,,,,,,,,,,,,,,,,,,,,,,,,,,,,,,,,,,,,,,,,,,,,,,,,
gmtk,E05b,random_forest_tuned,forest,6,0.15,0.10512836244517143,0.3116726644540812,0.978248147945624,10.995212032668535,0.22408313145806216,0.8422119104642289,0.8119935144365358,23.241601323999124,0.24580055965809472,1.0430355432080192,0.6727414330244583,27.441464740987065,,,,,,,,,,,,,,,,,,,,,,,,,,,,,,,,,,,,,,,,,,,,,,,,,
ibarmia,E05a,random_forest_default,forest,6,0.25,0.1693141184706531,0.3479851328581811,0.9759056214602158,12.129465860118284,0.5149837316407684,1.1316781585018765,0.7419452448397585,34.66482059797678,0.46528772403993734,0.8790670361037201,0.798471549297231,33.28147860746943,,,,,,,,,,,,,,,,,,,,,,,,,,,,,,,,,,,,,,,,,,,,,,,,,
ibarmia,E05b,random_forest_tuned,forest,6,0.2,0.17746673609663896,0.3569741225240652,0.9746447545496948,12.82526486887069,0.5209777722554266,1.1226437503183155,0.74604900185756,35.215213175803314,0.47136191836863794,0.8746568510630593,0.8004885702314692,33.77884815686779,,,,,,,,,,,,,,,,,,,,,,,,,,,,,,,,,,,,,,,,,,,,,,,,,
synthetic,E05a,random_forest_default,forest,6,1.53,0.11292598395558381,0.40377158578695915,0.9896505785930548,1.1250954961759245,0.8552553752107922,1.6250580018125396,0.8426596284953325,8.101772091796946,0.7882194753410289,1.4488596256408601,0.8570348936827241,7.675025270149454,0.11833706567912003,0.42881530275695795,0.9877107835823039,0.9637882252890991,0.09315884799924368,0.22409186964473693,0.9966067815301152,1.034947661923037,1.1392322998259357,1.9130779174337578,0.771464383618536,9.821232698077402,0.8076224034455973,1.3668307340172432,0.8826758745587528,7.878666709342904,1.0395895373973205,1.6766692104710739,0.7923522603001452,9.317547358534132,0.7484865935919061,1.2530953224749661,0.8887138606032523,7.478203942912387,2.1637055555555573,3.7372098866460735,0.7866803154458836,11.179635900830185,3.2206083648989927,4.653857344624697,0.13351967850976132,14.560838272768406,2.086410357359178,3.3532969223802227,0.8198103257820668,11.030119413788759,3.5100540314349815,5.038205814968971,0.4675660026791483,19.35915847361713,5.074778129853986,6.163777966203958,-1.3336563086809101,25.52306535303215,3.432250604384343,4.737013444785648,0.5038330103671012,19.17986054381096,
synthetic,E05b,random_forest_tuned,forest,6,0.69,0.13692554840905083,0.41991782360318514,0.9888063124162956,1.3969472658162048,0.8332501786242702,1.5752699809480162,0.8521530287135684,7.912208775714821,0.7511344719627544,1.367491456879513,0.8726418697790381,7.315978261406753,0.14140268546723153,0.44368211473438396,0.9868438902932513,1.1891239089779726,0.11663046743948714,0.24084164389478888,0.9960805711235727,1.3045522046158597,1.1252602724944791,1.8736691093450442,0.7807829299402802,9.833141560073855,0.7846955474933263,1.2973690329638412,0.894297585114107,7.685232091650601,0.9905790304744385,1.583486966102878,0.8147912862821127,8.886430051364632,0.7111558157707253,1.1562154534231213,0.9052562875379528,7.117400861718186,2.3587082607838528,3.9612838629274782,0.7603331961974347,11.958870767029426,3.5280778086620397,4.938458847818924,0.024301923260015013,15.827665289457427,2.2811755217019045,3.5961291482164404,0.7927681806517112,11.80963450138744,3.8238789672079943,5.393396780887459,0.3898470545937145,20.763857761514867,5.575167742834275,6.608574053427744,-1.6826155958762734,28.086538413220914,3.7466386963587666,5.111037175793179,0.4223873286780294,20.588058996127536,
gmtk,E06a,xgboost_default,boosting,6,0.11,0.049952102542687254,0.08278547310537399,0.9984653579873708,5.835279177606361,0.2680006597469204,1.2292813441656572,0.599472209489859,28.656620810104222,0.2462576465024362,1.1054922976908872,0.6323756662383813,27.186279308284828,,,,,,,,,,,,,,,,,,,,,,,,,,,,,,,,,,,,,,,,,,,,,,,,,
gmtk,E06b,xgboost_tuned,boosting,6,1.01,0.07375702530409496,0.14569347247684789,0.9952468775563315,8.87874815067852,0.2640227503976863,0.9705538376636927,0.7503282899955703,27.353280049817652,0.2671854466066895,1.0325667347115701,0.6792777665174342,29.910394917314786,,,,,,,,,,,,,,,,,,,,,,,,,,,,,,,,,,,,,,,,,,,,,,,,,
gmtk,E06c,lightgbm_default,boosting,6,0.26,0.2423940518607226,0.7479763646904772,0.8747220717154489,27.23212630799133,0.32742603786440866,1.1395073961958062,0.6558368482466329,35.742248008059214,0.34857408872710166,1.1986591011036651,0.567800576981728,39.522090266720475,,,,,,,,,,,,,,,,,,,,,,,,,,,,,,,,,,,,,,,,,,,,,,,,,
gmtk,E06d,lightgbm_tuned,boosting,6,2.1,0.05215563042383378,0.11541250991121718,0.9970173342654784,5.6012660967254035,0.27257492127458666,1.0030590588759998,0.7333245218804563,28.231456850337818,0.2867217675388921,1.1839246684754765,0.5783608319663651,31.42885349600451,,,,,,,,,,,,,,,,,,,,,,,,,,,,,,,,,,,,,,,,,,,,,,,,,
gmtk,E06e,lightgbm_tuned_huber_loss,boosting,6,2.07,0.11747021674069778,0.9043087314877108,0.8168814833967233,6.611023280088654,0.2358100195715386,0.9749105712520072,0.7480817489005176,24.70411370117224,0.2656541950716393,1.1671914414547513,0.5901952413561443,26.535704105586543,,,,,,,,,,,,,,,,,,,,,,,,,,,,,,,,,,,,,,,,,,,,,,,,,
gmtk,E06e,lightgbm_tuned_l1_loss,boosting,6,2.34,0.11877123257304989,0.6919132106930126,0.8927982046841759,11.719008583662891,0.27187001874054967,1.158650154918729,0.6441764227740114,27.61734005935378,0.2678926887255638,1.0073365331813458,0.6947596252935907,32.419615133868575,,,,,,,,,,,,,,,,,,,,,,,,,,,,,,,,,,,,,,,,,,,,,,,,,
ibarmia,E06a,xgboost_default,boosting,6,0.13,0.14789309188339142,0.22961989949860087,0.9895090843629532,10.792088433803414,0.5602881997213671,1.2008556153574532,0.7094321335120071,38.318138348140515,0.4687475952505361,0.8485912083257755,0.8122026617557424,35.85075337662923,,,,,,,,,,,,,,,,,,,,,,,,,,,,,,,,,,,,,,,,,,,,,,,,,
ibarmia,E06b,xgboost_tuned,boosting,6,0.93,0.06593696528095386,0.10573153245648612,0.9977756485706758,4.808744666956182,0.5408828374206096,1.0451820626303832,0.7798848709668728,39.50089368774474,0.48774946412557907,0.8266632831645753,0.8217827764321552,36.70608571403123,,,,,,,,,,,,,,,,,,,,,,,,,,,,,,,,,,,,,,,,,,,,,,,,,
ibarmia,E06c,lightgbm_default,boosting,6,0.25,0.4102037377105135,0.6914838354219509,0.9048610368545611,30.25586093573398,0.6315355962964708,1.2174429728048308,0.7013494955930426,43.81159419238257,0.5816735084297582,0.9901967598206599,0.7442972621125065,43.3147489909657,,,,,,,,,,,,,,,,,,,,,,,,,,,,,,,,,,,,,,,,,,,,,,,,,
ibarmia,E06d,lightgbm_tuned,boosting,6,2.17,0.10486383153334353,0.1753030402025549,0.9938853268782313,7.018747214155123,0.5054025329925856,1.1282421326122147,0.743509888868944,34.507941069950085,0.4631563239032612,0.9143596415246935,0.7819648696514547,33.91813631837986,,,,,,,,,,,,,,,,,,,,,,,,,,,,,,,,,,,,,,,,,,,,,,,,,
ibarmia,E06e,lightgbm_tuned_huber_loss,boosting,6,2.19,0.22579111619251188,1.0105647928960342,0.7968004802729522,8.348591481192909,0.5326933095980659,1.4126173022079207,0.5979176210639356,30.904122938996213,0.4808756183350594,1.1275719045575738,0.668425694481516,29.233890513946132,,,,,,,,,,,,,,,,,,,,,,,,,,,,,,,,,,,,,,,,,,,,,,,,,
ibarmia,E06e,lightgbm_tuned_l1_loss,boosting,6,2.25,0.22120418257462499,0.8258831232629888,0.8642838495238175,10.052237500433423,0.5734082682117356,1.414291718817672,0.5969638561253234,35.29855121242688,0.523302066609624,1.1789820826120183,0.6375010220135022,32.81137919661919,,,,,,,,,,,,,,,,,,,,,,,,,,,,,,,,,,,,,,,,,,,,,,,,,
synthetic,E06a,xgboost_default,boosting,6,0.13,0.22468111725278894,0.5212140721393094,0.9827544587553357,2.4505715964717725,0.8611135881686893,1.6078911509386706,0.845966306807491,8.475315285632416,0.7741312509909006,1.3908291369278782,0.8682577758110663,7.769684110612847,0.23921449167849698,0.5589999892069589,0.979116309854885,2.1228335612781515,0.2013504166357282,0.32273308281369345,0.9929620432258732,2.336047291534737,1.1218058910818076,1.8954591669047505,0.7756544593297987,9.81852262947842,0.8140799296313842,1.3652172629897321,0.8829527008603129,8.254180300910646,0.9858238426720586,1.581860695682139,0.8151715164835867,8.934391417392396,0.7340120087878097,1.1835031196386832,0.9007314511989261,7.571257587605083,2.015378134958986,3.4710112321939484,0.815987217380707,10.861143287700282,2.9686973497000606,4.316125984741637,0.25471771815666966,13.721540639671174,1.9414998237210142,3.0972172674715512,0.8462804079970909,10.717524499303186,2.8635338500257075,4.2814099815527396,0.6155077385193233,16.964185461137486,3.9948695056769514,5.173801889766365,-0.6442297939906161,20.27574029416083,2.787181190849449,3.9525795978878073,0.6545542281315597,16.78324907470668,
synthetic,E06b,xgboost_tuned,boosting,6,0.46,0.32576777683669705,0.9023728867589837,0.9483087970202586,3.3036201442346718,0.67172752240657,1.387008486057511,0.8853799285928601,6.394456155184312,0.6407850325365257,1.2086580164596998,0.9005088835273499,6.279100049011619,0.3630932378171641,0.956170504969751,0.9388981545156957,3.141852860990748,0.2789783856412802,0.43224388805373715,0.9873754082102396,3.0897957181014406,0.8730989385211436,1.6321896290370186,0.8336473194199602,7.416948605178879,0.6233920565683744,1.0889748441399065,0.925527908779993,6.160621298715163,0.8182637871966132,1.3709737610679984,0.8611676370507753,7.247716660437907,0.6002494689204038,0.965244161329345,0.9339690986639106,6.074192717588141,1.9041920526879998,3.424946913602651,0.8208389317239158,9.719200182901327,2.8305414679556185,4.265105394389987,0.27223342477394863,12.727745275454561,1.8289426943780724,3.0329513969283615,0.8525934502787674,9.570311770287436,2.74201142625873,4.158146282381695,0.6373284435495143,14.989837003916396,3.9304914192206817,5.0732324499339105,-0.5809292931791779,19.35242071537248,2.663929050998887,3.809711052980893,0.6790756220591507,14.799569374191373,
synthetic,E06c,lightgbm_default,boosting,6,0.4,0.33964707455660625,0.918849381132296,0.9464038963703492,3.48631019002889,0.6923254469040543,1.4126234519493286,0.8811072801568814,6.476876134737444,0.6596423843086854,1.251893696043009,0.893263652850684,6.313465057336066,0.38143964450667955,0.9695313237992732,0.9371786403428003,3.3924577606921753,0.2920724987496918,0.4432126586461495,0.9867265464648551,3.2685978020155373,0.9150387076764049,1.6678346886757538,0.8263020951379747,7.740978774377441,0.6438748178841406,1.11797815839305,0.9215081631896402,6.242574694918812,0.8549226520175627,1.4337933332825794,0.8481532353392094,7.440071306436817,0.6189930857960506,1.0158927737619214,0.9268577019675294,6.108295877553868,1.8990262822578965,3.401592294213633,0.8232739898780577,9.65612686206799,2.83249806211175,4.237436349719054,0.2816452858464792,12.804981808848947,1.8232355924641022,3.001488265374222,0.8556359095612595,9.506124590072943,3.162468558382481,4.632180279869551,0.54992501506909,17.165027219599594,4.579865015720925,5.663708732388612,-0.9703562002518402,22.827919118999827,3.084386654216986,4.311230853323204,0.5890195252558668,16.979072180341824,
synthetic,E06d,lightgbm_tuned,boosting,6,0.37,0.440498792859492,1.0599358564409307,0.928681248467357,4.4236713789664375,0.6649848111729117,1.3796992538782389,0.8865847910740459,6.358784942154537,0.624325043735631,1.1929821162456264,0.9030728825381231,6.083754486882711,0.5194937906180318,1.140158748662401,0.9131211047225996,4.58256285949595,0.3896122696583458,0.5999221095146804,0.9756807958969478,4.195404529020307,0.8686691076675181,1.6264292922738577,0.8348194338817296,7.4671438715931915,0.6163066950140107,1.0705735748894478,0.9280234720221701,6.12440801508315,0.793263757650839,1.3524852842176613,0.8648868788344175,6.933281099888479,0.5836718129767126,0.9443020382705659,0.9368032545657767,5.878387517454707,1.9949261956585882,3.5433973001180648,0.8082322139006597,10.052184134117944,2.977740786580068,4.415247606476739,0.22009321577851582,13.31329684040462,1.9172583504859821,3.139263272660884,0.8420784646713992,9.898910374781519,2.9148612333552695,4.374619400804714,0.5985841486130818,15.764904434626606,4.206224495788871,5.3423016576764955,-0.7530719369923915,20.711929434596886,2.837394742292781,4.048444319245821,0.6375943387565158,15.57558550146454,
synthetic,E06e,lightgbm_tuned_huber_loss,boosting,6,0.38,0.6939860496394697,1.7142692014810335,0.8134468402910732,5.6208939257626085,0.8416459350766757,1.8441644476474497,0.797370940390576,6.994090048449651,0.7706366989829063,1.6799852022065624,0.807784527536709,6.496359925727449,0.9264734574219584,2.0170214715086976,0.7281028316909719,6.655630756615947,0.6405774311444795,1.4293354750761462,0.8619526838677782,5.3848546197888165,1.1734418332677872,2.22965317290801,0.6895703457370093,8.864461500167046,0.7918202842476133,1.6008852165622236,0.8390547207990953,6.755915199076509,1.0448755667703802,1.9978585910449234,0.7051766201793956,7.934303532158017,0.7293964545876315,1.50227943631916,0.8400536610070627,6.288821245606109,3.892919109374699,5.740003660795852,0.4967772191185179,18.85870891090617,5.949468800470243,7.174228020745155,-1.0591260002095289,26.969996940284013,3.8121194874456887,5.447617850483955,0.5244467566719457,18.71466903144641,4.234234761826221,5.869001817942546,0.2774923380930965,22.906566604196517,6.197284911440112,7.197376653237969,-2.181935594486969,31.23794876569675,4.158476959938943,5.613076846659828,0.3033404285335971,22.73799445446883,
synthetic,E06e,lightgbm_tuned_l1_loss,boosting,6,0.38,0.4932542419063881,1.3294921411219105,0.8877939916794682,4.191292498208416,0.6834735733176183,1.5445808210761398,0.8578575770383143,5.828745305262646,0.6442755521437692,1.3914937215041558,0.8681318440686386,5.582058868244405,0.634635856288266,1.50455522892171,0.8487135923178485,4.866700140235308,0.4393199804326826,0.9430587720453135,0.9399051659235017,3.9488978826702956,0.9474825521962419,1.8439340323700595,0.7876856564857961,7.502545964104758,0.633103163057377,1.2479274256886523,0.9022005273608409,5.584435948556061,0.8668862525554272,1.6198233021909987,0.8061937786642066,6.927832795456336,0.6025023532085667,1.1719813629503397,0.9026548609179641,5.368987810130123,2.6899427029788647,4.379298364907216,0.707082698430618,12.88999503698878,4.1024967985159035,5.467284306276982,-0.19584774084871892,18.433161854885203,2.610253296277428,4.024215008152612,0.740493504850831,12.737536732622662,3.388292227687437,4.9796369022900695,0.4798730916230243,17.863575955005945,4.9673908933573125,6.095459994272073,-1.2822115228103534,24.692964233228487,3.310558293343778,4.683974173565838,0.5148817467920701,17.676533888609665,
gmtk,E07a,ridge_linear__real_fe,linear,2,0.0,0.3409427125470548,1.2492142637122874,0.650559947369215,31.42841242787624,0.33291152317818373,1.1132628560114826,0.6715074597585754,30.615052127090387,0.31400291675430164,1.0459352437463507,0.6709193073640967,33.62315250488649,,,,,,,,,,,,,,,,,,,,,,,,,,,,,,,,,,,,,,,,,,,,,,,,,
gmtk,E07a,ridge_poly2__real_fe,linear,3,0.0,0.2906532568513101,1.0134127738826024,0.7700298006775654,28.913172406597788,0.3173417295917181,0.9792701212701046,0.7458236838118121,30.340009112434842,0.31596843455778256,0.9947151374786218,0.7023607082632295,33.18219792992851,,,,,,,,,,,,,,,,,,,,,,,,,,,,,,,,,,,,,,,,,,,,,,,,,
gmtk,E07b,random_forest_tuned_params__real_fe,forest,6,0.18,0.10377793136810214,0.3070094126797522,0.9788941817036563,11.550918621510366,0.2205400159803263,0.8373335161288225,0.8141652089333897,24.26354739147707,0.2496122694377104,1.0354916462357493,0.6774581983241181,27.809689882824788,,,,,,,,,,,,,,,,,,,,,,,,,,,,,,,,,,,,,,,,,,,,,,,,,
gmtk,E07c,lightgbm_default__real_fe,boosting,6,0.27,0.21578045328323395,0.6828477730297883,0.8955889151901583,23.83503032258124,0.29845609214650126,1.0717541075510273,0.6955469096637892,33.7474225697605,0.3280419409669072,0.9932132699136477,0.7032588092763501,40.439232633963535,,,,,,,,,,,,,,,,,,,,,,,,,,,,,,,,,,,,,,,,,,,,,,,,,
gmtk,E07c,lightgbm_tuned_params__real_fe,boosting,6,2.19,0.046733640145373574,0.11157812178541589,0.9972122302169858,5.110796571281243,0.23675042453310433,0.8703279356107779,0.7992313398462525,27.96482358514629,0.26913079525787975,1.0838321934450565,0.6466403939505297,31.071570185696462,,,,,,,,,,,,,,,,,,,,,,,,,,,,,,,,,,,,,,,,,,,,,,,,,
ibarmia,E07a,ridge_linear__real_fe,linear,2,0.0,0.9401472059466497,1.963943575438737,0.23254598567213502,65.84788907232854,0.9680692359427532,1.9954339926013944,0.19769272434270335,68.4258642024133,0.8577002603878684,1.6942482573402902,0.25140577638001205,60.73642034940134,,,,,,,,,,,,,,,,,,,,,,,,,,,,,,,,,,,,,,,,,,,,,,,,,
ibarmia,E07a,ridge_poly2__real_fe,linear,3,0.0,0.9374307863887008,1.9268838701140392,0.2612364965812738,67.2124814725438,0.9707067672993192,1.9823853387279362,0.20815140164803303,71.0534232443738,0.874396305106068,1.705763008216142,0.24119574025267,61.707120574510576,,,,,,,,,,,,,,,,,,,,,,,,,,,,,,,,,,,,,,,,,,,,,,,,,
ibarmia,E07b,random_forest_tuned_params__real_fe,forest,6,0.3,0.17525335637058367,0.3523406309873524,0.9752987002924529,12.746174600267196,0.5030536856101436,1.1208941845685163,0.7468399166232338,33.8048061721521,0.45505958127529283,0.8500641467103544,0.8115501591821106,32.7611236431624,,,,,,,,,,,,,,,,,,,,,,,,,,,,,,,,,,,,,,,,,,,,,,,,,
ibarmia,E07c,lightgbm_default__real_fe,boosting,6,0.27,0.38906810899276423,0.6597203591896882,0.9134007515284701,28.76512788955083,0.6245038572649699,1.213696746956277,0.7031846384308373,43.25558213068602,0.5664466445584581,0.9737716117360926,0.7527099767867931,41.236090064314105,,,,,,,,,,,,,,,,,,,,,,,,,,,,,,,,,,,,,,,,,,,,,,,,,
ibarmia,E07c,lightgbm_tuned_params__real_fe,boosting,6,2.87,0.0979321632107329,0.17125397532317488,0.9941645322567738,6.475535027687583,0.4961307414274584,1.1250327535004667,0.744967028586776,34.45227325664849,0.43636106166313215,0.8512076562296826,0.8110428112848371,31.497981045067082,,,,,,,,,,,,,,,,,,,,,,,,,,,,,,,,,,,,,,,,,,,,,,,,,
synthetic,E07a,ridge_linear__generic_fe,linear,2,0.01,0.9277047709678397,1.5808100159479574,0.8413632069611325,10.859567592894038,1.0091233876490868,1.665638809033698,0.8347033314270511,11.766005412823754,0.9246275747980948,1.4811494258749838,0.8505915432633724,10.983040677289278,0.9602518204138212,1.7205809310102325,0.8021510031561077,8.525426599641726,0.8766760707702089,1.28031349151021,0.8892376232925083,10.653351363410307,1.0866663628273734,1.8910894351830623,0.7766876652485206,9.537013146246982,0.9624145002165422,1.4154267280310324,0.874184937137539,11.563274861565938,0.9479246665114517,1.6013832069506513,0.8105812486384758,8.514126000670979,0.8847024191037663,1.2839475566609788,0.8831664886612905,10.798765638231492,2.3331192975343518,3.5658397660666825,0.8057953598100679,18.13477287246841,3.0975352033101946,4.378665300958498,0.23296343081685877,17.160441182154102,2.260787844302671,3.198113249663191,0.8361020367307961,18.01746895388027,9.015050982705478,11.67595499499726,-1.8595572352499494,56.51062184141672,12.785909862410499,14.314923545222795,-11.586963967266056,70.66240003334532,8.992820837565347,11.656703933130249,-2.004485859007003,56.526235918173626,
synthetic,E07a,ridge_poly2__generic_fe,linear,3,0.04,0.49531663013031046,1.1883173171860162,0.9103584378908581,4.783586988820158,0.5143104396984834,1.2289144019379779,0.9100200586008599,5.046268664269909,0.48305307669302244,1.055083804113976,0.9241856625818377,4.886275551662441,0.5943271638445339,1.3112760195052355,0.8850862810940605,4.914304478324598,0.4425159959166736,0.7586516374361114,0.9611094198972712,4.548770173897698,0.6316322298059902,1.4252359137510808,0.8731582894613455,5.215308835314547,0.4650511414345856,0.8696322805761064,0.9525070486266577,4.806155238152399,0.5746892789603387,1.1641638907464342,0.8998938685545932,4.977689957468663,0.44134484860715867,0.7583725588464347,0.9592396336349132,4.6730494579500546,1.4320340542832792,2.6849215886530002,0.8898969959289489,8.092782925068045,2.07932407196081,3.3306948390125912,0.5561847113441036,9.721909574951596,1.3606386876889267,2.226783858423285,0.9205411988205313,7.950360290088226,1.6625924653927533,2.783778254743393,0.8374513956347465,10.243236461182326,2.3032049942952963,3.347531231213182,0.31167713195874946,12.442372258324268,1.59358618535221,2.408152140932803,0.8717709353487106,10.061406536713207,
synthetic,E07b,random_forest_tuned_params__generic_fe,forest,6,1.13,0.13813311677700563,0.4199870975537751,0.9888026188606591,1.4216806831064572,0.6761394501132466,1.443173389017306,0.8759092347719107,6.392901415584908,0.590405027276804,1.176359698685405,0.9057551330543173,5.826176318489596,0.1392653185922503,0.43819132783167264,0.9871675022020231,1.1743917730376454,0.11829875429767861,0.24762042640994403,0.9958568318783579,1.331851363609377,0.8835288015691682,1.697945723881599,0.8199736059753927,7.489988271494405,0.6272969357102668,1.1464700230268758,0.9174564274374104,6.158749348136807,0.7411701312423115,1.3202792599621427,0.8712450211817213,6.573089047428568,0.5491589215594909,0.9198058555702369,0.9400395064548142,5.616935420664366,1.7151696817038566,3.198665518859272,0.843730719669039,9.081015543495887,2.522068679695924,3.976305768299079,0.3674539951995687,11.389368995102384,1.6381867208333587,2.7586700686462384,0.8780489889947835,8.928699051687717,3.5712467467781868,5.163175686094348,0.44082496351626876,19.51912333431467,5.181754797503965,6.320000438204145,-1.4534495952061763,26.039622128756946,3.4943499055681113,4.87918951022331,0.47360227271238087,19.339425458719887,
synthetic,E07c,lightgbm_default__generic_fe,boosting,6,0.43,0.314448721164213,0.8903937091816283,0.9496721092111886,3.2024841430693827,0.583820465780263,1.3290233421086242,0.8947631946980348,5.449720953128401,0.520039294111107,1.0802351670774124,0.9205280162168695,5.134432760305768,0.3449839863695232,0.9393746181200348,0.9410259050551352,2.987769127623145,0.2678152741311624,0.4156568325061879,0.9883257370861899,2.9886041930649254,0.7456672763531584,1.5586479653669032,0.8483003253700689,6.11657279355954,0.5342546151367766,0.990995531901614,0.938326123451138,5.209516253798503,0.6330350688995395,1.195452959450989,0.8944404785811868,5.514426166513234,0.47847109377222596,0.7922870515430158,0.9555125026204094,4.922114031679248,1.5026487449226802,2.948102501307154,0.8672541009740867,7.842690480044954,2.2045911662778117,3.663842099621292,0.46296070023222546,9.87411725578579,1.4263365684067186,2.4798508423750483,0.9014544542745155,7.688938040820838,3.6538273188612997,5.314835192277888,0.40749288075705814,19.80514144113874,5.326838979660073,6.512802746934743,-1.6054261821446465,26.829522650786615,3.5772885224130913,5.039425820234978,0.4384599376614241,19.627692501703898,
synthetic,E07c,lightgbm_tuned_params__generic_fe,boosting,6,0.44,0.3911355742275357,1.0197167104772076,0.9339909265906352,3.9024012186437496,0.5549751159906937,1.2752963674304287,0.9030997977394688,5.230819019264916,0.5091110934664586,1.074548905212731,0.9213624810586822,5.038728383265096,0.4459389339047551,1.08701434268321,0.9210314450720029,3.81764165222293,0.3402101592620666,0.5338808095041421,0.9807403565516625,3.6723853831824584,0.7005493641859097,1.4891929853777581,0.8615188889973043,5.7599883280884985,0.5057188004341048,0.929961722217015,0.9456889748326625,4.990626150848606,0.6150276261261102,1.189954224232455,0.8954093312946385,5.321978617710926,0.4675360838796045,0.7847877950754601,0.9563506943479965,4.826326119886529,1.4685904950632596,2.9642949102411325,0.8657918866430319,7.479479330253221,2.165970867005697,3.6863930922290806,0.4563293881206095,9.567739324515374,1.391491740132543,2.492176037635009,0.9004724505035464,7.323040701007126,3.9424459827508653,5.640638589096501,0.33262410344674265,21.17564843063582,5.781977782780885,6.917739141883355,-1.9394852547497172,29.22823838758879,3.8652714775862616,5.371755367308765,0.36195532995775237,20.998713863589483,
synthetic,E07a,ridge_linear__physics_fe,linear,2,0.01,0.5678358171622067,1.2451735737120833,0.9015752423684283,5.904652530588289,0.5617887279667121,1.2382940863815632,0.9086412737066761,5.921113113417033,0.5451582045949322,1.10819750005772,0.9163604354726868,5.849220990472579,0.6510953693355775,1.3694825850797798,0.874657985680089,5.490067345050492,0.514797241011038,0.8300339032710908,0.9534466127717653,5.673896848032751,0.6545014469194914,1.4263234856744798,0.8729646343406002,5.4348219446971795,0.5132684356298668,0.886803097613838,0.9506130441938747,5.687976649520217,0.6184882755077636,1.2166910652747824,0.8906564758150437,5.384950460748541,0.503320501068354,0.8255993943551886,0.9516928306064224,5.638899549243556,1.50894129138769,2.7731709434671274,0.8825402054476168,10.140786225978529,2.064770926322931,3.4322718407351975,0.528701643633384,9.826541626450041,1.4340876037234345,2.277895544952764,0.9168516778869631,9.998536252368016,2.576044318125057,3.609621380563517,0.7267014863978839,16.027182276712665,3.625442786711849,4.37192224488147,-0.17405321466870927,20.021767370186197,2.5133002835465565,3.3655719048423074,0.749541151552928,15.867873455695921,
synthetic,E07a,ridge_poly2__physics_fe,linear,3,0.07,0.4492543490022068,1.1399971959025919,0.9175003454527622,4.40061818184916,0.46204418110634055,1.1566044876704902,0.920297455879452,4.563478129521276,0.44354823328035053,1.0249887311307149,0.9284490157604419,4.494169761251913,0.5293743219232682,1.246753499595278,0.8961169160903435,4.4471602515157675,0.39601792967484384,0.6709543297274311,0.9695809573513062,4.163994239896659,0.558349299326416,1.3322471084999725,0.8891697920669355,4.661592164198634,0.41266302972752694,0.7647121936071367,0.9632756696999096,4.321506693260613,0.5192892548021327,1.1191625702309627,0.9074835875565802,4.531149566712934,0.4012986779313187,0.7079241747928839,0.9644821764463952,4.278175526875105,1.1349272268932271,2.395650237145995,0.9123437720383262,6.563498904041373,1.612920216243976,2.9644567703642477,0.6484210912941925,7.411198843266487,1.064175221576762,1.8902817136417787,0.9427416346315889,6.4194240868853045,2.0464415388283634,3.242727623852533,0.7794358567463913,12.251952980520949,2.868765634935735,3.927405940752543,0.0525539081020463,15.080810724351117,1.978568906692122,2.9234188520211513,0.8110265818295447,12.07778474040301,
synthetic,E07b,random_forest_tuned_params__physics_fe,forest,6,1.52,0.13882148266406374,0.42021791027843225,0.9887903079670748,1.4384843664466822,0.5782087727521101,1.2876090487309197,0.9012196687077547,5.592504378995701,0.5421790123894481,1.1253096393586344,0.9137574659524246,5.4056259731952,0.13843212804890648,0.4351519445356201,0.9873449023971974,1.1755259918927607,0.11899584798726685,0.24752292176702556,0.9958600941180493,1.3487669548365688,0.728431139844773,1.4868648443062635,0.8619515415135276,6.201434241610025,0.5295142212150944,0.9509440500791886,0.9432105339603969,5.357075114151364,0.6647415792190772,1.2468823979758814,0.8851625823824963,5.884247875768737,0.5008894631938985,0.8558231537220738,0.948091207956564,5.195482903783153,1.389051496137031,2.7908873561387413,0.8810346269129933,7.65135807540134,2.0118678127884095,3.460227505436589,0.5209929794417223,9.171683498315131,1.3141501334126546,2.3106566997299494,0.9144427668479926,7.501147026132908,1.8488898931575037,2.9635891269901995,0.8157744107117433,11.063267107138337,2.5599867825050526,3.5673621182513013,0.2183050329574966,13.17678386163131,1.7740606353929287,2.5383819512178083,0.8575269982631364,10.870338579912087,
synthetic,E07c,lightgbm_default__physics_fe,boosting,6,0.43,0.302701356743547,0.8773513043495951,0.9511357073924783,3.0872952356517462,0.5151355981451116,1.2140858615100465,0.9121784209557859,4.910344300381063,0.4917004717006556,1.07762695881218,0.920911320250999,4.8326660829592045,0.3280374771912077,0.9183319511191776,0.9436384365896289,2.8263228872916777,0.25633816420408273,0.3989537608389893,0.9892451403056384,2.874084769422864,0.6401536125358919,1.40702828164416,0.8763784372734096,5.301791504533121,0.4665613391592402,0.8570354811358053,0.9538729736133887,4.672736153915779,0.5964823576443951,1.1947963593900708,0.8945564034335245,5.168032420761466,0.44991715385151154,0.7851100126657576,0.9563148439907794,4.61911311384256,1.403392171061678,2.807577041775185,0.8796075314288903,7.756677756255101,2.0521575005858312,3.4878677459272724,0.5133098145902057,9.747633581987161,1.327095105737806,2.316099090467736,0.9140392588239759,7.603050062424378,1.9809551781060946,3.0988119996640573,0.7985791487933176,12.737792970590977,2.7790882992097914,3.743980194962673,0.13898640517311245,16.07466215144475,1.9105387768952415,2.7444440335404625,0.8334566140940203,12.557366130089145,
synthetic,E07c,lightgbm_tuned_params__physics_fe,boosting,6,0.75,0.3648801348172368,0.9981928412461388,0.936748116019459,3.642002470636754,0.48115632387002816,1.1778126380728877,0.9173477161779278,4.585435995799948,0.46246423869933423,1.0475110105992536,0.9252700616482065,4.597737233190282,0.41191188193980227,1.0542269989035395,0.9257234179830858,3.5492520083644403,0.3140086202044094,0.4974552813594869,0.9832787894960511,3.411336290171936,0.5955287794291096,1.361059055985576,0.8843241992704268,4.924867047413207,0.4322332538892578,0.8004561525487012,0.9597623185129089,4.3450723726110665,0.5533129583039192,1.1530449505353826,0.9017969658909422,4.833092162738833,0.42049233013495135,0.7408957116509978,0.9610966481485314,4.383292628553169,1.2948675062099626,2.745425708698783,0.8848787896507788,6.8438510941063555,1.8937773213960871,3.41074198549484,0.5345957924649203,8.553709990877332,1.2186251501069914,2.242740887145806,0.9193983224534935,6.688538112633277,1.6948375705972294,2.733484077017273,0.8432718289124354,10.139224978603393,2.3515195560722395,3.2861951977851223,0.33667000411649584,12.280184780383237,1.6205130942203478,2.281297265730064,0.8849246267708738,9.944719692357797,
synthetic,E07d,lightgbm_retuned__physics_fe,boosting,6,0.44,0.36906119565067824,0.9806579816089449,0.9389508391559742,3.686547953838308,0.4856279302810396,1.1785745264879082,0.917240751483059,4.6200212018539,0.46800149705462496,1.056375553194865,0.9239999085203939,4.644714196842247,0.418775854984051,1.0326065260990265,0.9287387603790582,3.6218567897212504,0.31924952163944126,0.5041902130013278,0.9828229553484231,3.4592536244846754,0.6029441658786205,1.3624061582658633,0.8840951067136186,4.992713679640261,0.4366473894422308,0.7979725913888168,0.9600116206459731,4.37992081668767,0.5615686833576514,1.163806219870212,0.8999553711450232,4.905829741083233,0.42583951280023724,0.7516943555553969,0.9599543417058662,4.428916097548776,1.3312769548570644,2.7592337763927257,0.8837178775954944,7.089526676066351,1.9465279923460792,3.427499630097902,0.5300113134624695,8.855504781884594,1.2553692932762175,2.263519326321249,0.917897894774658,6.935193686475366,1.7732623684794715,2.878024822558453,0.8262587108656436,10.38198677320178,2.4686852733536466,3.4665133392844614,0.26187710790630647,12.555446911858114,1.69763311187294,2.4329858408974308,0.869112613730781,10.184690503718695,
synthetic,E07e,DIAGNOSTIC_lightgbm_commanded+drive_load_signals,diagnostic,6,0.39,0.31203651121000997,0.9535922754268612,0.9422741930465823,3.1758704306471395,0.3660957704410205,1.0267883073304207,0.9371848693826798,3.7455369963335294,0.3433841843289115,0.8687567528622946,0.948598733782193,3.611288107732101,0.3393106716702226,1.0048069007849225,0.9325240729608164,2.9334483089684293,0.26144452649291605,0.4201551843177403,0.9880716856518249,2.9451351145053284,0.41942103892221927,1.1586468880975243,0.916171677704174,3.6557829323671416,0.316634020635516,0.5558224224684534,0.9805987380354637,3.5004595403216285,0.3865016880569918,0.9234385116787811,0.9370133667750213,3.480187053954173,0.30087348115614176,0.4598109200602687,0.9850158738322611,3.390753208915293,0.813864804150433,2.1250760138882034,0.9310260824827269,4.562380338284586,1.136711214471924,2.6236437882787045,0.7246137121674068,4.8831758184219805,0.7412855214539145,1.524671526954108,0.9627489550967491,4.409936143301906,0.8333585026642157,1.895460505700797,0.9246395560084331,5.5089244712326355,1.0530285249152256,2.220133371450929,0.697238217806744,5.228290341601304,0.7575552349494157,1.1927907278900778,0.9685408386247729,5.301074692821484,
gmtk,E08b,mlp_raw,neural_network,8,0.0,0.25041395940005684,0.682146443264716,0.8732556075920798,27.318531379610597,0.317881157688725,1.0054527114551073,0.7293362242931687,32.59038094937082,0.31314104260465847,1.060831045753051,0.6581732765171455,34.25886306125921,,,,,,,,,,,,,,,,,,,,,,,,,,,,,,,,,,,,,,,,,,,,,,,,,0.06869390381822206
gmtk,E08c,mlp_raw_ensemble5,neural_network,8,0.0,0.21520415534184478,0.5744037798415147,0.9261188934473382,23.619326944981417,0.27595404353044295,0.9213572510155013,0.7749980978953895,28.523415022823688,0.2843642710736484,1.0040875678607077,0.6967254352648573,30.946147096018876,,,,,,,,,,,,,,,,,,,,,,,,,,,,,,,,,,,,,,,,,,,,,,,,,
gmtk,E08b,mlp_fe,neural_network,8,0.0,0.23059438743318333,0.5966825278248756,0.8910205672742213,25.08468003305226,0.29907056769679236,0.9556450530945911,0.753987187006399,30.175138120283982,0.29116430342621497,1.104614307615265,0.6316652919097195,30.938892772788257,,,,,,,,,,,,,,,,,,,,,,,,,,,,,,,,,,,,,,,,,,,,,,,,,0.07436721968940133
gmtk,E08c,mlp_fe_ensemble5,neural_network,8,0.0,0.19399238029589713,0.4745940908313198,0.9495636713152914,22.67803930374603,0.2559426402053253,0.8745980305909604,0.7972564421007703,27.409627649207387,0.25719243866063946,1.0322899329599753,0.6794496964737192,28.410570261054353,,,,,,,,,,,,,,,,,,,,,,,,,,,,,,,,,,,,,,,,,,,,,,,,,
ibarmia,E08b,mlp_raw,neural_network,8,0.0,0.5603361269925864,1.0207338046042058,0.7522670104250041,40.994096840542156,0.6858191153282298,1.3783958197647335,0.5988704275066624,49.39228397657231,0.660563087317942,1.4258223106067902,0.46465023973692177,48.15084514382219,,,,,,,,,,,,,,,,,,,,,,,,,,,,,,,,,,,,,,,,,,,,,,,,,0.15790297362971353
ibarmia,E08c,mlp_raw_ensemble5,neural_network,8,0.0,0.525017552007591,0.8668889508919492,0.8504724268208018,37.929386607046354,0.6445199630627882,1.2000409150022842,0.7098262615648661,46.04450135211455,0.6155558593664814,1.2459942525804664,0.595121743131547,44.313207044389735,,,,,,,,,,,,,,,,,,,,,,,,,,,,,,,,,,,,,,,,,,,,,,,,,
ibarmia,E08b,mlp_fe,neural_network,8,0.0,0.5147429279104643,0.8693743791979556,0.8391696628610422,38.44149063545259,0.6410486938562627,1.22893597303204,0.6903245023230303,45.9768894530796,0.5959030818796103,1.1329023371050493,0.6597179366569474,43.022248206720306,,,,,,,,,,,,,,,,,,,,,,,,,,,,,,,,,,,,,,,,,,,,,,,,,0.12823550434806422
ibarmia,E08c,mlp_fe_ensemble5,neural_network,8,0.0,0.4857297875107405,0.7729401916025632,0.8811262041940192,35.971006451747286,0.6061091049117714,1.1033368128370389,0.7547086601699946,43.305479223738566,0.5578851603931728,0.9948748623953627,0.7418754619862624,39.864927428064306,,,,,,,,,,,,,,,,,,,,,,,,,,,,,,,,,,,,,,,,,,,,,,,,,
synthetic,E08b,mlp_commanded,neural_network,8,0.0,0.5210804271842389,1.1806040311071746,0.9112813448608381,5.2631486414920925,0.61649559787637,1.348666999905809,0.8915991974587081,6.031209379558023,0.5879144792202796,1.173110734359639,0.9062313107916152,5.9096609386875185,0.6079897465310575,1.2957409086816933,0.8873759544499196,5.1174864514750995,0.4691438178851272,0.7619845184326131,0.9603801451263264,5.033631918022279,0.7649786914577479,1.5780146016921748,0.8444539316004555,6.26103799027183,0.5671910145490829,1.0245722013041645,0.934039768011121,5.793603263505356,0.7089368573435181,1.3185207003325807,0.8715050563817484,6.0391465520065,0.5459702200160476,0.9013465208140665,0.9423565753911483,5.700641198044394,1.7038004179670505,3.1725375063929,0.8459967607206108,9.382849806033434,2.464215696182167,3.9415164731977166,0.37731879558999604,11.062153019622594,1.6270602573036215,2.733271828619093,0.8799605771977372,9.230799181775712,1.5990815115028063,2.6893722287250923,0.8479328331520847,9.825032855836888,2.158148272076435,3.2236458453914123,0.36000452721287424,10.894780362384,1.5252499694986343,2.241850313991174,0.8884177643523306,9.631664285839047,0.02195030526709152
synthetic,E08c,mlp_commanded_ensemble5,neural_network,8,0.0,0.46606126324899205,1.1430987432309179,0.9170508273996493,4.550289752184577,0.5590582968871097,1.3106187382562482,0.8976576973738153,5.290859652000874,0.5320360942673541,1.1318537377769642,0.9127514838641655,5.197909105888317,0.55007308700438,1.2515161871529397,0.8953217185059807,4.533220642077025,0.4138671722211898,0.7040333338731453,0.9665076156387554,4.317436952227896,0.7045572638978921,1.5351234217740357,0.8528449498157795,5.669864965196057,0.5094738876918385,0.9738938080189388,0.9404363828393476,5.049646663731769,0.6487466336548016,1.2701315472114203,0.8808401807703193,5.43528590545095,0.48984448133546377,0.8470206714102976,0.9491535217947159,4.985738693135414,1.622191392967447,3.1134177054274867,0.8519492075551669,8.690236951172906,2.3653483103741406,3.8706086311596297,0.40063539550918015,10.524743928186943,1.5452040820163149,2.664895447967167,0.8861989604242289,8.536088771328084,1.5143411050999565,2.614696338623979,0.8565975780144701,9.081086142233307,2.058101773207796,3.134274601213587,0.39658373824517734,10.328812750107819,1.4401970600604945,2.1524980605526554,0.8975518383207699,8.88497406868192,
synthetic,E08b,mlp_physics_fe,neural_network,8,0.0,0.4668535936137005,1.1444161974959097,0.916838432954137,4.658698495505985,0.4847099384710817,1.1760314403056957,0.9175937934611278,4.813985003601852,0.46968588946067263,1.0374657771656262,0.92668621401197,4.820360383763229,0.5328996568989621,1.246615192325125,0.8961054969731927,4.423892511342152,0.4139538174752363,0.6872727312970219,0.9680350994630038,4.423650648444601,0.5749667031655183,1.3551643542282101,0.8853214373549377,4.72026411311495,0.43573281765328564,0.8003002490786045,0.9597691913206615,4.574911584860115,0.537553298766524,1.132491333735495,0.905255918205454,4.632856521562488,0.4274831756313374,0.7246045567757877,0.9627618270215897,4.605619045499522,1.1494802566390145,2.514309155626609,0.9034259549180774,6.63993390369708,1.625896511786167,3.114983772989373,0.6117320344697358,7.332892907659994,1.0757916822513853,1.993780537282289,0.9362731089618922,6.490663427002841,2.195798019776187,3.293392758924747,0.7702781293729274,13.172050252857868,3.106397080644013,3.9893492017474195,0.012221610361109737,16.736261618192508,2.1303369678629815,2.9995438585106475,0.798065901598503,13.003203519047267,0.025407220002662902
synthetic,E08c,mlp_physics_fe_ensemble5,neural_network,8,0.0,0.4328546272553478,1.126741799851249,0.9194077323205991,4.165755465546953,0.4494663729993016,1.1575971280789572,0.9201605898774472,4.2984359753184815,0.43449264848752484,1.0165524969911452,0.9296219784828941,4.314961814589583,0.4982134676508729,1.2279194219110312,0.8992318282599728,4.060711686961939,0.37979574087227946,0.6577314997999377,0.9707681093760109,3.928400716409608,0.5387382134522437,1.3361401727779756,0.8885211143019217,4.342998103015764,0.4003175508458031,0.7729674662879932,0.962478491989476,4.056850879463734,0.5010613450217821,1.1100841960056402,0.9089784411370789,4.255902360467706,0.3921341467027858,0.6944707149220112,0.9658193173281094,4.097983256689991,1.105497853500798,2.495929183283781,0.9048518228200046,6.033676595904276,1.5902249357679508,3.0951726393115226,0.6167322069377388,7.118560152399995,1.0316760798304974,1.9707040978383488,0.9377658562477549,5.882570088598913,2.16092935580196,3.2669199405874547,0.7761325499949456,12.71283278470583,3.082253533895409,3.9600529227710033,0.03673694612794354,16.59611127375618,2.0953397163141725,2.975434741357371,0.8042420126093793,12.542292562997922,
gmtk,E10c,hybrid_noload_curve+lgbm_residual,hybrid,7,1.13,0.189110158019712,0.5142753191614197,0.9407770307116889,21.695241686643058,0.331146870052089,1.0859840892186223,0.6874086196232005,36.40645874066612,0.34815751225716773,1.1665341748911509,0.590656648315967,40.61187515868151,,,,,,,,,,,,,,,,,,,,,,,,,,,,,,,,,,,,,,,,,,,,,,,,,
ibarmia,E10c,hybrid_noload_curve+lgbm_residual,hybrid,7,1.02,0.31609028787155113,0.5145334900550713,0.9473229258927255,23.139208844331225,0.6293587586410093,1.1686677858100627,0.7248001809716692,43.249974508644094,0.5596230635365992,0.923999981051445,0.7773430267571213,40.44155978246467,,,,,,,,,,,,,,,,,,,,,,,,,,,,,,,,,,,,,,,,,,,,,,,,,
synthetic,E10a,physics_parametric_fitted,physics,3,0.1,0.3944362933739777,1.1708117745158357,0.9129800706088569,3.4181222163007985,0.37710359891452794,1.1606150899387357,0.9197437498885286,3.2006953753516245,0.3672345774241615,1.0133237366707701,0.9300683359421821,3.304185777559612,0.4914451006610083,1.2842766291722196,0.8897697478519931,3.8165968009933176,0.3397574235046284,0.6994541498021054,0.966941882077784,3.1705092457953437,0.4869574566338505,1.342418449953331,0.8874710153711101,3.6546075621676297,0.3267738838547468,0.7612149077009853,0.9636108070091497,2.949067627254421,0.4540936911324367,1.1047007862968756,0.9098591278275455,3.6552203506994596,0.3242008413206976,0.6853513275394196,0.9667111052824313,3.07939045811046,0.9761951492588992,2.418703437626624,0.9106486335947651,4.888463136390683,1.4342957044038775,2.9983328258136286,0.6403399092398538,6.229213338032752,0.9021900083153876,1.8735259678359597,0.9437522294493813,4.734090903951175,0.9506491341568504,1.9914061299698456,0.9168171783161265,5.561435126433945,1.2920652135419526,2.3369747002975663,0.6645321194197682,6.629242416255433,0.8752147968634637,1.3451169031506447,0.9599927506848531,5.351938946772918,
synthetic,E10b,physics_parametric_fitted_squared_loss,physics,3,0.07,0.4374863859979427,1.159865184795352,0.9145996621045035,4.050785274178136,0.41278972036817047,1.1396066262899887,0.9226229140721561,3.815520500280952,0.40744882162503177,1.0013619107633653,0.9317096141406465,3.924763749737977,0.5295020898948957,1.2719134858901158,0.8918818051474076,4.295699721495739,0.38364393219383297,0.6937134835200222,0.9674822944702407,3.8093930791940824,0.5112020147862468,1.315147345697801,0.8919966066057263,4.075147032868118,0.3633062976393254,0.7406127977728324,0.9655538824666771,3.5705367999948945,0.4868751029375301,1.090688077585402,0.9121314294612918,4.1099868635086345,0.3651831579545153,0.6778213192205773,0.9674385821329634,3.706037937044388,1.0154681304463815,2.364983725699907,0.914573567974571,5.44197080772696,1.464992998009359,2.9306605852944303,0.6563917223214637,6.529362937966993,0.9429135040320749,1.8231616491104499,0.9467356989037139,5.292288139228416,1.03708203785459,2.0169197836979045,0.9146720678971143,6.324270545299648,1.3984790364040784,2.3739315357221478,0.6538380706701905,7.334233028267394,0.9630238320065407,1.4028251575426622,0.956486329016868,6.12077353382961,
synthetic,E10c,hybrid_physics+lgbm_residual,hybrid,7,0.38,0.41046848159842964,1.112919994017752,0.9213728646165184,3.9108115391873963,0.41913281341925906,1.1491542617633501,0.9213209509263373,3.939968597986976,0.40923888857483176,0.9989848234495807,0.9320334521688893,4.00798571335468,0.4885462959537671,1.208442309788814,0.9024032206195495,4.013282041089277,0.35693177218724254,0.6254387990559741,0.9735680465641776,3.6704533439476874,0.5167250021159684,1.3267597420386572,0.8900809045484134,4.1088036026143,0.3696395993683759,0.7533226188751658,0.9643614628413915,3.6961430904496573,0.4874142449447918,1.0883134479238712,0.91251362521019,4.123921513392808,0.36696902144086024,0.6730901089699795,0.967891554785199,3.790151142984261,1.0307676161253019,2.3749890644988194,0.9138492260837376,5.636406849486388,1.4818443621159774,2.9434429328965055,0.6533878270315086,6.602755411604338,0.9587769925944127,1.8433651567104803,0.945548652984971,5.488495654685948,1.0308851459397343,2.019957582628618,0.914414839713952,6.425528589690288,1.3816302355517884,2.3780694223126306,0.6526302623240339,7.2771886129922025,0.9563766336096234,1.3948277420367543,0.9569810520423887,6.2220805705914035,
synthetic,E10d,hybrid_lgbm_with_physics_feature,hybrid,7,0.68,0.34977801807115305,0.9915467880600078,0.9375875849479818,3.45395665603535,0.45782932061059467,1.1903462595255003,0.9155792781260248,4.252196648947188,0.4446146443088814,1.0309101654148576,0.9276199173203405,4.298860938383666,0.39725530227451533,1.0498853443913125,0.9263339491335675,3.368607825558108,0.29882030974472323,0.490138449216363,0.9837670606169404,3.2217154234027885,0.5695121225792668,1.3798194547235951,0.8811133462485519,4.527636946480337,0.40814657742281746,0.8074764779726643,0.9590534218252424,4.007762418067167,0.5341071493321867,1.1316785231434077,0.9054027355884782,4.48415379148067,0.4023080933406679,0.71621136616591,0.963645742689538,4.081141356508257,1.2220075267721715,2.5700617554661833,0.8991158189931008,6.496341847230706,1.7793668665530131,3.1883506740780496,0.5933088386005418,7.978799132146816,1.1502381680722675,2.090600073199653,0.9299629569582303,6.349664511005793,1.0882201979951078,2.1564352189616907,0.9024590904138436,6.732218561077227,1.4298441046683583,2.5532531226328943,0.5995662569469156,7.158621059407881,1.0121822047235758,1.547900519460674,0.947020881957623,6.5270755076208244,
