load_X,load_Z,power_Z,speed_SPINDLE,override_SPINDLE,powerDrive_SPINDLE,power_consumption,power_kw,split,pred,resid,z,flag
0.8554969811763199,8.398278926521439,45.28154122530071,444.36470412178136,99.93507593552876,4.814780883771871,Medium,4.814780883771871,val,0.08266293926165916,4.732117944510211,53.28062389915359,True
44.14362915837809,24.460019497189805,5429.44142928827,2316.1857732912413,99.97643632140628,14.141598340716312,Medium,14.141598340716312,train,0.8852722497864751,13.256326090929837,50.694726902006096,True
1.214599609375,5.511474609375,-6.47915108129382,2993.31665039063,100.0,16.9992332458496,High,16.9992332458496,val,2.291944445322733,14.707288800526866,34.258651699935385,True
1.25732421875,0.76904296875,-12.9583021625876,2889.57595825195,104.999995231628,4.63736152648926,Medium,4.63736152648926,train,0.5907793528126757,4.046582173676584,25.441089103387085,True
1.6467357477753566,13.868778368622218,4677.8511858340535,3978.20430145264,100.03537643718698,18.95363534370776,High,18.95363534370776,train,6.794643486154649,12.158991857553112,17.33844395440449,True
1.2618018573318188,0.9062514402387676,3.344599233375454,2893.540016347576,105.06173573352326,3.1824428802697566,Medium,3.1824428802697566,train,0.5894291431929983,2.5930137370767583,16.3024228101463,True
1.77001953125,2.1484375,-48.5936331097037,2764.94979858398,100.0,3.17176032066345,Medium,3.17176032066345,train,0.6665480838441749,2.505212236819275,15.750409853139628,True
3.3401560797993533,12.497042320474732,1794.731123117043,2734.0386175998806,99.89529032618152,17.905861014115,High,17.905861014115,train,7.287385530091401,10.618475484023598,15.1417028827595,True
2.0391232545683367,1.3713488520190384,-868.3184316808348,391.8544976489135,100.00461355994705,0.1624845630301871,Low,0.1624845630301871,train,-1.138703936986494,1.3011885000166812,14.650550959263605,True
1.381854250871766,2.3400968705912235,-45.402082505847126,3821.054590114752,100.08644478552068,2.784192716401152,Medium,2.784192716401152,test,0.4827158911021826,2.3014768252989697,14.469513893156192,True
1.69677734375,1.861572265625,35.635330947116,2761.11602783203,100.0,2.81660985946655,Medium,2.81660985946655,test,0.6475805724139007,2.1690292870526493,13.636808791065706,True
16.436481498418306,0.9607563099374188,955.642787195935,2617.6041383869165,95.10118950001404,1.0083499761171433,High,1.0083499761171433,val,-0.16171872738510396,1.1700687035022472,13.174225845278688,True
2.3744113650785144,5.775474936256786,239.7079667929511,3978.0368970176937,99.8617236533338,15.660270648507096,High,15.660270648507096,val,7.094366207941485,8.56590444056561,12.214783577576931,True
2.2211689799642262,5.741160116538947,239.7769355826356,3978.157427316092,100.06438309149864,15.915829417133152,High,15.915829417133152,test,7.579754563140269,8.336074853992884,11.887051850099889,True
2.183382110220696,5.834429663080872,239.68578638530835,3978.103234287844,100.02896286268968,15.870122155975176,High,15.870122155975176,val,7.597230391517393,8.272891764457782,11.796954211282081,True
1.7013038645557732,13.921296494029932,4677.94350006576,3978.2188844338025,100.04360052561964,18.89387019457966,High,18.89387019457966,train,10.695081478338032,8.198788716241626,11.691284961446355,True
2.2635390357323604,5.732008685209978,239.74939845189243,3978.210321703841,100.0286137239552,15.976114842684924,High,15.976114842684924,train,7.780832432826534,8.19528240985839,11.686285048836416,True
1.6845703125,11.68212890625,9.71872662194073,2749.27139282227,100.0,3.93917083740234,Medium,3.93917083740234,train,0.9019495158352451,3.0372213215670953,11.614915352990835,True
1.7746310831975205,6.470686486338832,366.0391080764608,2750.4811452054846,100.00183749035008,3.78226942599563,Medium,3.78226942599563,val,0.7918436327401933,2.990425793255437,11.435960300759751,True
1.5518370965444666,1.6627780539083925,6.503221968913711,2749.081289366684,100.05294232825564,3.794678748114492,Medium,3.794678748114492,val,0.9407801628230322,2.85389858529146,10.91385413990099,True
1.4796849643107082,0.131688935086707,3.1785633792257766,2755.458758764733,99.93443194972672,3.743057099298424,Medium,3.743057099298424,train,1.0111396132750996,2.7319174860233244,10.447375081360354,True
2.4146688737820328,11.27311496398943,735.3623357411361,605.8729491790028,100.01117121028832,1.2005269681569737,Low,1.2005269681569737,test,0.13579602380325176,1.0647309443537218,10.05691451990891,True
1.0111149598070377,5.628544328216276,291.62614499741875,2999.973842067868,99.91186622927825,6.533979327802171,High,6.533979327802171,val,2.176544191813293,4.357435135988878,9.697296647316982,True
1.513671875,6.82373046875,855.247942730784,3799.55291748047,100.0,13.5166015625,High,13.5166015625,test,6.731338258805466,6.785263303694534,9.675630092136627,True
1.6219277638747047,2.737358319682277,-13.054464878198075,2765.1227492136222,100.01641354062232,5.922663052029808,Medium,5.922663052029808,val,1.1766836686277045,4.745979383402103,9.419374516938174,True
0.8185834948280758,12.228716499222976,3404.770855748392,2561.121235265786,100.02254189762604,13.612057320152148,High,13.612057320152148,train,7.035155709272044,6.576901610880104,9.378511089555532,True
0.811767578125,1.239013671875,6.47915108129382,2754.53567504883,100.0,1.91794264316559,Medium,1.91794264316559,val,0.46345936965973467,1.4544832735058553,9.144417924183255,True
2.50029522501852,2.089159511089842,-110.18733893468492,2766.457179277976,99.97627730342752,0.8663002092879052,High,0.8663002092879052,train,0.09795552151115833,0.7683446877767468,8.651070158096543,True
1.11083984375,1.5869140625,6.47915108129382,2757.33947753906,100.0,5.7873215675354,Medium,5.7873215675354,val,1.9016162049005292,3.885705362634871,8.647481008799792,True
1.4603953356549355,8.778065704974255,38.886915107802174,2903.614195930205,104.87664459406078,5.999930616567526,Medium,5.999930616567526,train,2.122459509512316,3.87747110705521,8.62915600417349,True
0.2801654053404557,6.288675336733482,-45.32260003301336,156.4013958522835,100.01173581770212,6.111754722497152,High,6.111754722497152,train,2.4117366174745007,3.7000181050226515,8.618694666476195,True
1.084819411770405,1.6058112247310972,6.4550383253894585,2757.345314574734,99.97289387042916,5.865717262809897,Medium,5.865717262809897,train,2.1767508010017442,3.6889664618081524,8.209646497477616,True
1.2137076448934525,9.687073747289467,252.65699529941725,3826.883361627104,100.00490431486745,5.513028169624573,Medium,5.513028169624573,val,1.904584758346853,3.6084434112777206,8.030445687007425,True
1.3912994120846227,11.831081926670963,4185.482118781187,3755.950109431172,100.01137263767228,15.588093250531616,High,15.588093250531616,train,9.984500813100077,5.603592437431539,7.9905944964818545,True
1.5220640979280202,1.5077348151659902,6.478940553660191,2761.2031098962925,99.96030468902596,2.935851188986573,Medium,2.935851188986573,train,0.8951683001355638,2.040682888851009,7.803961748850005,True
1.2706656304945565,9.828499584069164,213.76611225776625,2749.821897048625,100.03678425283783,5.502514714315758,Medium,5.502514714315758,train,2.0369727809100566,3.4655419334057016,7.71242419523128,True
1.556396484375,12.457275390625,51.8332086503506,3816.60461425781,100.0,5.99497652053833,Medium,5.99497652053833,train,2.7077195449412104,3.2872569755971197,7.657223115869622,True
1.446533203125,10.04638671875,45.3540575690567,2902.33612060547,104.999995231628,5.26927423477173,Medium,5.26927423477173,train,1.843533695420016,3.425740539351714,7.623847793501164,True
1.348876953125,2.34375,-45.3540575690567,3821.06781005859,100.0,2.7739839553833,Medium,2.7739839553833,test,0.7824416098539241,1.9915423455293757,7.616038910620272,True
1.03759765625,1.33056640625,-6.47915108129382,2763.34762573242,100.0,5.54948806762695,Medium,5.54948806762695,train,2.3321020558880012,3.2173860117389483,7.494468100501316,True
1.495361328125,1.6357421875,6.47915108129382,2761.17324829102,100.0,2.94036865234375,Medium,2.94036865234375,train,1.060104478277117,1.880264174066633,7.190489895473598,True
30.47799752586428,27.48019607080225,6550.501376906275,1668.4963297500492,100.01144980531966,2.731972994718206,Medium,2.731972994718206,train,0.879801054953351,1.8521719397648548,7.0830598174695405,True
1.5488101925630675,1.7472524245796162,6.402780469645325,2747.564694324387,99.90240868092567,2.742679971661483,Low,2.742679971661483,train,0.8984296126065768,1.8442503590549064,7.0527661774392305,True
0.762477353728338,4.401361793874647,-110.1399692640085,2748.219539871521,100.11420889590754,5.327201802196206,Medium,5.327201802196206,test,2.3144495426743563,3.0127522595218497,7.01780129002804,True
1.007080078125,4.937744140625,200.853683520108,2760.4866027832,100.0,5.03167963027954,Medium,5.03167963027954,val,1.885721070974351,3.145958559305189,7.001204249211398,True
1.190185546875,1.18408203125,3.23957554064691,2758.19778442383,100.0,5.77587127685547,High,5.77587127685547,test,1.5530719507915898,4.22279932606388,6.76473320776751,True
1.678466796875,1.080322265625,3.23957554064691,2611.31286621094,94.9999988079071,1.48077511787415,Medium,1.48077511787415,train,0.41120228754246096,1.069572830331689,6.724464377874565,True
0.84228515625,4.461669921875,-110.145568381995,2748.18420410156,100.0,5.38382577896118,Medium,5.38382577896118,train,2.5022001871368977,2.881625591824282,6.712359349086267,True
0.8650515240709975,12.507386460893862,9.69716450948449,3979.172639480348,100.01309884156976,1.7118555530869817,Medium,1.7118555530869817,test,0.6467445975254754,1.0651109555615061,6.6964123209227,True
30.475348966878062,27.511820023257687,6550.5144513390205,1668.4242652765383,99.99055013071708,2.5874140662115006,Medium,2.5874140662115006,train,0.843181683982518,1.7442323822289825,6.670278300654831,True
1.806640625,13.7939453125,12.9583021625876,1839.58053588867,100.0,5.00582599639893,Medium,5.00582599639893,train,2.08609615370291,2.9197298426960203,6.497741338890174,True
1.0095433640937486,1.3230283263659943,-6.445914582823957,2763.346972079107,99.99125458666772,5.466966928771039,Medium,5.466966928771039,test,2.685729709707119,2.78123721906392,6.4785181330902,True
3.4971262551357354,12.530055918799665,1794.74229161596,2734.075488907265,99.97662046080198,17.879745383878,High,17.879745383878,val,13.414567685316916,4.465177698561083,6.367241147946462,True
0.67138671875,0.93994140625,-3.23957554064691,2670.70770263672,100.0,5.56513166427612,Medium,5.56513166427612,train,2.8482817805750935,2.716849883701027,6.328536492965934,True
1.5380859375,7.354736328125,32.3957554064691,2751.96075439453,100.0,2.65141415596008,Medium,2.65141415596008,train,1.002586988294662,1.6488271676654178,6.305430509181413,True
1.2160409125445286,8.17061884165423,42.14237630762955,2758.370591859066,100.12616565196473,2.365612382489808,Medium,2.365612382489808,train,0.7306782239547347,1.6349341585350732,6.252300984539454,True
2.3100179910999,4.345964225509102,-25.91224172102516,3669.026516764449,99.9934581418629,15.992991168212956,High,15.992991168212956,train,11.658888242391267,4.334102925821689,6.18033152356288,True
2.324912128465178,4.281633199295324,-25.91425211592533,3669.045640165328,100.11262032117492,15.973702772439417,High,15.973702772439417,train,11.703992563287466,4.269710209151951,6.0885089841509,True
1.4039702652304384,9.985156225658598,45.31456886689042,2902.3548472065195,104.96417934477456,5.351053697679409,Medium,5.351053697679409,train,2.755608785525858,2.5954449121535506,6.04573993601408,True
2.275915995643776,7.204399161500732,-783.931632915884,2769.4096834638844,100.10755894086144,2.593296312827781,High,2.593296312827781,train,1.0295634489531496,1.5637328638746315,5.980013612976526,True
0.7985167114264903,13.267763615410653,5293.463075495517,3001.152633295643,99.84641125915684,0.456140617967822,High,0.456140617967822,train,-0.061111256110083424,0.5172518740779054,5.823925541807205,True
1.475559865181224,9.967363672191375,45.3893107513105,2902.052463046856,105.04772577988284,4.308260335947751,Medium,4.308260335947751,train,1.3823271704631097,2.9259331654846417,5.807117576957079,True
1.1937928124752188,8.165356579027032,42.173578357681,2758.4694600100183,99.94071921007644,2.295189731922414,Medium,2.295189731922414,train,0.7895120068869196,1.5056777250354942,5.757999656129024,True
1.2575131624576006,10.488473393530832,217.0115183610804,2750.004930128706,99.99202536702612,5.109735127721958,Medium,5.109735127721958,train,2.6909466731462057,2.4187884545757523,5.634242471540179,True
1.8380322584064848,9.840956481545202,48.66680672581492,2902.6419148718705,105.01858794280412,5.242774876993712,Medium,5.242774876993712,train,2.8315845923500382,2.411190284643674,5.616543556343064,True
1.6551117801255049,11.591798072359737,9.739499038477698,2749.163369553461,99.99959121631588,3.8717936972660736,Medium,3.8717936972660736,train,1.06312171778976,2.8086719794763138,5.5743885787706144,True
2.1329228090423538,2.38695739010732,822.8644610967374,2561.1995043073102,99.94518456827537,13.460410554528158,High,13.460410554528158,test,9.555552029920495,3.904858524607663,5.56823883690086,True
2.152506168289261,2.218490731613129,822.7601654290584,2561.128923036288,100.08342742758929,13.493445434164087,High,13.493445434164087,train,9.70069361798402,3.7927518161800666,5.4083772378672865,True
2.104226836198753,2.141712475573992,822.7810266692785,2561.098704124537,100.09780610177056,13.41780183872995,High,13.41780183872995,val,9.65933541453743,3.7584664241925196,5.359487054010341,True
0.69580078125,12.59765625,9.71872662194073,3978.08074951172,100.0,2.17209935188293,Medium,2.17209935188293,train,0.7714428876349375,1.4006564642479926,5.356378264349176,True
1.4509323004275527,8.819897933308418,45.33576742005603,2754.8914484572506,100.02467636606715,4.659872679080927,High,4.659872679080927,train,2.373385161284979,2.2864875177959476,5.326065228665059,True
0.40283203125,15.1123046875,3939.32385742664,2617.14935302734,94.9999988079071,2.16809964179993,Medium,2.16809964179993,train,0.7984801336915653,1.3696195081083644,5.237687006712979,True
1.7416784255048554,13.760125039200895,12.98964396969995,1839.566038403484,100.00858337696798,4.928104841597672,Medium,4.928104841597672,val,1.6669248387968127,3.261180002800859,5.2242626177592095,True
1.67236328125,1.7333984375,32.3957554064691,2752.24685668945,100.0,2.21489930152893,Medium,2.21489930152893,val,0.8493106911617619,1.3655886103671682,5.2222720826413935,True
1.104736328125,0.8544921875,3.23957554064691,2755.27954101563,100.0,4.02978944778442,Medium,4.02978944778442,val,1.4221748406663928,2.6076146071180277,5.175348773360289,True
0.9466633558852294,1.4053799889564276,6.5031133534974925,2754.487179531279,99.99247625949914,2.081724984362328,Medium,2.081724984362328,train,0.7324791023082006,1.3492458820541273,5.159774363214429,True
1.0881715958539513,9.308378431235898,51.80552505207505,2756.5793563540897,100.0476247976538,4.785195934942574,Medium,4.785195934942574,train,1.5668617728038352,3.2183341621387385,5.155625522135741,True
1.15966796875,9.65576171875,58.3123597316444,2754.59289550781,100.0,3.95459914207459,Medium,3.95459914207459,val,1.3633851491532312,2.5912139929213587,5.142798373338219,True
1.1474609375,10.443115234375,19.4374532438815,2891.06369018555,104.999995231628,2.15590333938599,Medium,2.15590333938599,val,0.82096762905238,1.33493571033361,5.105049529024599,True
1.837158203125,10.711669921875,3207.17978524044,3000.64086914063,100.0,8.06736373901367,Medium,8.06736373901367,val,4.533279942650195,3.5340837963634755,5.039522564969323,True
1.7211193498301869,1.0612878675251538,3.2406738995974225,2611.3284946227395,95.07846142193912,1.464362054407736,Medium,1.464362054407736,val,0.6654878698593802,0.7988741845483558,5.022566808034082,True
1.5752582689171224,15.350663424250213,158.78262611675476,3000.4997557714973,100.09535799579612,4.569487254383057,Medium,4.569487254383057,test,1.4494761009309405,3.1200111534521167,4.99811651671256,True
1.7420016087732657,13.921414566354878,4677.901175387905,3978.2228546553865,100.09457159693729,18.93715690841463,High,18.93715690841463,train,15.45929343840477,3.477863470009858,4.959353667004726,True
1.3718295015710809,8.640711838932102,45.3613367127099,2754.8546342468103,99.97881372344024,4.517346944881127,High,4.517346944881127,train,2.401102589910303,2.116244354970824,4.929506671977686,True
0.872802734375,8.70361328125,42.1144820284098,2760.71548461914,100.0,2.14711403846741,Medium,2.14711403846741,val,0.858614466546215,1.288499571921195,4.927468852519378,True
1.2060857665671567,0.2744222496872901,12.960607074249037,2765.44343405073,99.97058817057646,4.623607919375916,Medium,4.623607919375916,val,2.5523652778146273,2.0712426415612883,4.824681231578205,True
1.3819640677497085,7.083531652591128,126.3949861083999,3990.12403296061,104.91501692415312,8.645640318293394,High,8.645640318293394,train,5.309233336950424,3.3364069813429698,4.757639953444327,True
1.531982421875,0.152587890625,3.23957554064691,2755.39398193359,100.0,3.76011276245117,Medium,3.76011276245117,train,1.4055503835595795,2.3545623788915906,4.673114457225972,True
3.101441006227206,12.720058138061464,4033.27258519141,2498.9020980233536,100.20264107354345,1.0950356411832345,High,1.0950356411832345,train,0.35639911488733894,0.7386365262958956,4.643849271800823,True
0.9959863677699698,9.857503409419843,45.41645861798496,2756.520100961338,100.06410826939631,3.697701932512477,Medium,3.697701932512477,test,1.3630238006865862,2.334678131825891,4.633650069589949,True
1.13525390625,9.564208984375,48.5936331097037,2757.16781616211,100.0,3.6916229724884,Medium,3.6916229724884,val,1.3610147115246956,2.3306082609637047,4.62557257181982,True
1.2920489943525089,2.966931020780984,-12.971124712770829,3825.447609489681,99.98230525553647,4.081840123211927,Medium,4.081840123211927,train,2.006545500397821,2.0752946228141056,4.618484718635536,True
0.5617308146710198,6.887645834194366,35.6722471420782,2754.33468843172,99.93962761339527,3.7120521341893657,Medium,3.7120521341893657,train,1.4006757686653355,2.3113763655240303,4.587402910474382,True
1.632962743916167,11.661227200678402,3437.3172086318705,3713.162591162436,100.17276573730204,11.48496378508328,High,11.48496378508328,val,8.28004397153011,3.20491981355317,4.570142263162494,True
2.008056640625,8.38623046875,139.301748247817,3978.53851318359,100.0,4.0261173248291,Medium,4.0261173248291,val,1.9833231451996145,2.0427941796294853,4.546156289434716,True
1.309725969860132,8.605474339440665,45.38897878321546,2754.8194104744,99.8858650783128,4.644000614340245,High,4.644000614340245,train,2.7137950497649874,1.9302055645752572,4.496154324765283,True
1.177978515625,0.927734375,-19.4374532438815,2750.07247924805,100.0,4.12244939804077,Medium,4.12244939804077,train,2.1214980756545923,2.0009513223861775,4.453036693480568,True
1.40380859375,1.922607421875,9.71872662194073,2755.62286376953,100.0,1.36863887310028,Medium,1.36863887310028,val,0.6661874328275801,0.7024514402727,4.416351606309594,True
1.069591022275917,11.314638037495746,22.64143810969512,2891.481440662898,105.03485821256176,3.6303610972789127,Medium,3.6303610972789127,train,1.4123143949428363,2.2180467023360766,4.402170953045006,True
2.057584077366301,2.265286108905743,822.8753693545403,2561.175917510772,100.03365504303196,13.460094441285062,High,13.460094441285062,test,10.410004255342919,3.0500901859421425,4.349358759705543,True
21.368408203125,3.64990234375,-32.3957554064691,2763.0615234375,100.0,10.060827255249,High,10.060827255249,train,7.020658872660288,3.0401683825887122,4.335210495327588,True
1.5815986425098902,7.607835143232077,32.43923662234512,2754.684543294653,99.9558880759383,4.148169470367254,Medium,4.148169470367254,train,2.295234266686876,1.852935203680378,4.316163408932369,True
0.9587638195481644,2.7492614122060948,-123.1402595951524,3000.3382998827583,100.01931994138587,1.853558500605948,Medium,1.853558500605948,train,0.7403182855067432,1.113240215099205,4.2572435449817885,True
1.1735849910355305,11.119322880506788,155.5052517568014,2751.556508230179,99.9058412701365,3.1954261661804564,Medium,3.1954261661804564,train,1.0615991991516034,2.133826967028853,4.235019525596648,True
0.9128588521530546,9.5406465615719,51.95232983249578,2754.824819809201,100.06958618660929,4.377534304814905,Medium,4.377534304814905,train,2.560103226869846,1.8174310779450589,4.233461321962171,True
1.567020075116159,7.503956226589834,32.37867971298141,2754.640179080516,99.9300190101672,4.227455968543997,Medium,4.227455968543997,train,1.6003981511001923,2.627057817443805,4.208427605522098,True
0.9005153086617936,12.300744692858746,3404.7566384473266,2561.049052133013,100.0026419740648,13.526746481440606,High,13.526746481440606,train,10.579273891540296,2.9474725899003094,4.203028417638426,True
1.57470703125,7.550048828125,32.3957554064691,2754.70733642578,100.0,4.14076852798462,Medium,4.14076852798462,train,1.5470850594436854,2.5936834685409345,4.1549634105940125,True
1.3457409935744726,8.690565439169776,45.38618128385705,2754.8269846603853,99.93372627445731,4.614459357249364,High,4.614459357249364,train,2.8319503033206574,1.782509053928707,4.1521151626761625,True
1.511045584131412,12.341019405434595,51.7766505794117,3816.6466529955446,99.96358575725168,5.945261774117992,Medium,5.945261774117992,test,3.0547812965730468,2.8904804775449455,4.12175897050883,True
0.9814008703929727,1.3084359960642926,71.34632801313536,2616.855670953571,95.00511513397744,3.13634409669895,Medium,3.13634409669895,val,1.0939225807079203,2.0424215159910295,4.053606563874567,True
1.880098112638064,8.363984750671715,139.28092406870772,3978.557913847528,99.93994767670328,4.019004099925348,Medium,4.019004099925348,train,2.1994534972207207,1.819550602704627,4.049336687424235,True
1.1805517271853474,2.3528434648294527,9.718534503750174,2893.977197605072,105.00034210081157,4.372708324601643,Medium,4.372708324601643,train,2.652616733853844,1.7200915907477987,4.006722074928292,True
1.112913397771531,8.92915764649439,48.52343170930815,2753.999526902409,99.99676057064988,4.259415318047023,Medium,4.259415318047023,test,1.7642764450486945,2.4951388729983286,3.997099433066467,True
1.1246732041451424,1.120776900285921,3.2762627782017564,2758.212499743082,99.9773208572516,5.811393364411758,High,5.811393364411758,test,3.0100973629432533,2.801296001468505,3.9945839499010383,True
1.0986328125,10.6201171875,55.0727841909975,2765.06423950195,100.0,4.15537786483765,Medium,4.15537786483765,train,1.6642614150796926,2.4911164497579574,3.990655693270004,True
1.50146484375,1.07421875,3.23957554064691,2763.40484619141,100.0,3.68284034729004,Medium,3.68284034729004,train,1.8945196274102492,1.7883207198797908,3.979835839204573,True
1.6772100864887332,6.376119864432176,126.41681153907815,2612.0245327963244,94.94201103273475,1.266763841806072,Medium,1.266763841806072,val,0.6365124127462376,0.6302514290598344,3.96242608603203,True
1.366020302720679,10.958837240851803,268.9974000426936,3977.505393575183,100.05908138329296,3.990847539792192,High,3.990847539792192,train,2.2181577752188035,1.7726897645733883,3.9450497768177284,True
1.1128024807628991,11.457738519177235,1525.837829423866,2768.412806424676,100.02495933064914,3.7697163332528736,High,3.7697163332528736,train,2.014400242339272,1.7553160909136016,3.9063853648242737,True
1.141357421875,0.665283203125,-6.47915108129382,2751.27410888672,100.0,3.86633944511414,Medium,3.86633944511414,test,2.111165939944931,1.7551735051692092,3.906068045984658,True
0.933837890625,0.8056640625,3.23957554064691,2759.74273681641,100.0,3.09071207046509,Medium,3.09071207046509,train,1.1376511572908958,1.9530609131741943,3.876252025012716,True
1.0697749956225515,0.8421725668175175,3.234682689753107,2755.285494587697,100.06478595275388,4.003868527481624,Medium,4.003868527481624,train,1.592624174802973,2.4112443526786516,3.862704212329032,True
0.9453241085247732,6.229509076006207,-38.87145202164052,3977.641113304666,99.95281350389504,4.088574283024061,Medium,4.088574283024061,train,1.7000701230610233,2.388504159963037,3.826275453835851,True
0.6010655235672427,7.248090630062898,48.52264600438724,3817.777041408692,100.02878375979785,3.763806042608216,Medium,3.763806042608216,train,2.0501010270068805,1.7137050156013354,3.8137815902358265,True
1.153573936973776,12.030053923390176,9.740959658027087,3978.1506894544777,99.97088622988672,2.994651284793655,Medium,2.994651284793655,train,1.0783613896731847,1.9162898951204703,3.803272358976148,True
1.867338313780768,2.64889757931658,-534.6662078056916,3799.6442369066367,100.11465816512349,6.945752821142649,High,6.945752821142649,train,4.311766410844557,2.6339864102980917,3.7560043041929507,True
1.1890846861690112,9.906441140490676,48.64242831777846,2756.4968655899006,100.06715721492034,3.185455677178778,Medium,3.185455677178778,train,1.3050597060251414,1.8803959711536367,3.732033466976633,True
1.7306683293959093,4.02506693902953,136.1209931877707,2612.49989358852,95.09333720726153,3.158430514189059,Medium,3.158430514189059,train,1.280712847232449,1.87771766695661,3.726717820138741,True
1.4783584287616482,1.819637504479953,6.5012224607070666,2747.679631595824,99.99841276821758,1.199211366916862,Medium,1.199211366916862,train,0.6094060821132155,0.5898052848036466,3.7081389084222858,True
1.4412038442208892,7.031325223942649,126.39605422576123,3990.105864721098,104.88921109085436,8.703598667814951,High,8.703598667814951,train,6.10722402650486,2.596374641310091,3.7023707829056285,True
1.177978515625,11.175537109375,155.499625951052,2751.61743164063,100.0,3.29176759719849,Medium,3.29176759719849,train,1.426929857370886,1.864837739827604,3.701154949426898,True
1.20849609375,1.4404296875,6.47915108129382,2892.26531982422,104.999995231628,1.93838822841644,Medium,1.93838822841644,train,0.9718026310299704,0.9665855973864695,3.696408231874027,True
1.20849609375,9.06982421875,45.3540575690567,2756.59561157227,100.0,3.01671767234802,Medium,3.01671767234802,val,1.1565135311513108,1.860204141196709,3.6919586176817134,True
1.6473358601381487,11.71578314498774,3437.16630045345,3713.2395767322446,100.0823571824016,11.485546681501038,High,11.485546681501038,train,8.90055683789065,2.584989843610389,3.6861363220916834,True
1.420154904604361,1.7516084773649014,19.404060219502927,2616.9975061509977,94.96194184566858,1.7675770727289086,Medium,1.7675770727289086,train,0.8097977423900513,0.9577793303388573,3.6627313820483205,True
1.13525390625,8.60595703125,42.1144820284098,2758.14056396484,100.0,3.26184558868408,Medium,3.26184558868408,train,1.4252705065267994,1.8365750821572804,3.6450618786538094,True
1.23291015625,1.129150390625,3.23957554064691,2764.37759399414,100.0,3.75414252281189,Medium,3.75414252281189,val,1.4798216209649113,2.2743209018469788,3.643359047370292,True
1.30615234375,1.40380859375,25.9166043251753,2756.13784790039,100.0,4.10733509063721,High,4.10733509063721,train,2.558818808148369,1.5485162824888405,3.6070604645747832,True
1.477655870402631,6.787439086850424,855.2455462344846,3799.541742796247,99.99957012040784,13.545471579322886,High,13.545471579322886,train,11.03624893325326,2.5092226460696256,3.5780940334272033,True
1.4353763084709747,1.0288354888666174,3.2662211000392207,2763.433665422991,100.09562508096607,3.571068876754489,Medium,3.571068876754489,train,1.964664399448938,1.606404477305551,3.574988557683919,True
1.519775390625,10.626220703125,48.5936331097037,2904.052734375,104.999995231628,1.79975187778473,Medium,1.79975187778473,test,0.8673286223139606,0.9324232554707693,3.5657649011449846,True
1.3671875,8.843994140625,45.3540575690567,2764.60647583008,100.0,3.8306679725647,Medium,3.8306679725647,train,1.607613475264012,2.223054497300688,3.561232589895365,True
1.4404296875,7.55615234375,35.635330947116,2756.71005249023,100.0,3.69354343414307,Medium,3.69354343414307,train,1.4948280167708952,2.198715417372175,3.522242486524199,True
1.7818345401176146,13.400581000248655,135.9931703413939,2999.092762123092,100.0265748275748,3.761438144073332,Medium,3.761438144073332,train,1.56354155341944,2.197896590653892,3.520930763218195,True
1.348605067469358,9.35073505080441,45.27378620163044,2756.585016075876,100.00626820748096,2.9655209615190485,Medium,2.9655209615190485,val,1.1920179700732718,1.7735029914457767,3.5198823117016924,True
1.556396484375,9.222412109375,1163.00761909224,2670.4216003418,100.0,3.07676911354065,Medium,3.07676911354065,train,1.3092929675444007,1.7674761459962491,3.507920794413324,True
1.597286529442559,12.815620357400892,100.3682082667838,2765.9909226074965,99.95905458392032,3.4962511760245945,Medium,3.4962511760245945,train,1.9233066293890801,1.5729445466355143,3.5005248276730834,True
