label,jobs,mean_saving_true_pct,median_saving_true_pct,p10,p90,mean_saving_pred_pct,mean_saving_true_operation_only_pct,share_power_limit_active,share_tool_life_limit_active,share_trust_limit_active,mean_vars_at_upper_bound,mean_time_ratio_opt_over_base,share_improved_true,share_worse_true,baseline_infeasible_share,no_feasible_found_share,true_overload_opt_share,true_overload_base_share,total_kwh_base_true,total_kwh_opt_true,total_saving_true_pct,mrr_ratio_median,model,regime
handbook_physics_zero_fit | in-support (MRR <= training max),120,37.56310710530237,37.725161274804734,16.157407768056974,59.076100470845304,37.096140648840056,58.35409940134916,0.1,0.0,0.5333333333333333,0.3,0.3274303657944824,1.0,0.0,0.14166666666666666,0.0,0.0,0.0,454.22983067810856,292.76295264082137,35.54739630293264,4.299482071352727,handbook_physics_zero_fit,in-support (MRR <= training max)
handbook_physics_zero_fit | extended (MRR up to machine limits),120,39.416509384071254,39.5662329197176,18.168242168917907,59.749360774759225,38.93034160743331,61.92209341618174,0.45,0.0,0.0,0.5,0.25809990258272086,1.0,0.0,0.14166666666666666,0.0,0.0,0.0,454.22983067810856,284.69837976974213,37.32283515049575,5.219324153603074,handbook_physics_zero_fit,extended (MRR up to machine limits)
sec_P0+k*MRR_fitted | in-support (MRR <= training max),120,13.583638661079037,8.98552878710133,-1.3849656984965972,38.041224103862206,2.8814680616189914e-14,21.50625300454126,0.008333333333333333,0.025,0.03333333333333333,0.0,0.7502893120991205,0.8583333333333333,0.125,0.14166666666666666,0.0,0.0,0.0,454.22983067810856,397.0524817028874,12.587757367203844,1.1969633401928652,sec_P0+k*MRR_fitted,in-support (MRR <= training max)
sec_P0+k*MRR_fitted | extended (MRR up to machine limits),120,14.120168785391524,9.330568632437213,-0.9277457290272513,39.055139502982286,2.883965084509322e-14,22.245661400413315,0.008333333333333333,0.025,0.0,0.0,0.7414723472886712,0.8583333333333333,0.11666666666666667,0.14166666666666666,0.0,0.0,0.0,454.22983067810856,394.91774269926754,13.057726281493986,1.210360555641273,sec_P0+k*MRR_fitted,extended (MRR up to machine limits)
ridge_poly3 | in-support (MRR <= training max),120,36.224490597058654,37.396085043334864,12.166260575958562,59.076100470845304,41.689525997408026,56.221945544094886,0.09166666666666666,0.0,0.425,0.2833333333333333,0.35697868822112444,0.9916666666666667,0.0,0.14166666666666666,0.0,0.0,0.0,454.22983067810856,298.58103857442586,34.266527997802,4.277381015372182,ridge_poly3,in-support (MRR <= training max)
ridge_poly3 | extended (MRR up to machine limits),120,37.97345500160755,39.05824818956923,15.88719761894905,59.749360774759225,42.7496450115131,59.24810182250347,0.325,0.008333333333333333,0.0,0.31666666666666665,0.3042704046211436,1.0,0.0,0.14166666666666666,0.0,0.0,0.0,454.22983067810856,290.76819840470944,35.98654716916572,5.000631419416642,ridge_poly3,extended (MRR up to machine limits)
random_forest_tuned | in-support (MRR <= training max),120,35.141171672241335,35.26672832080277,12.195937457666073,57.78878084827449,43.97560731611767,55.91097381211806,0.1,0.03333333333333333,0.48333333333333334,0.36666666666666664,0.3298764781921099,0.9666666666666667,0.025,0.14166666666666666,0.0,0.0,0.0,454.22983067810856,304.38411648773,32.98896375138497,4.515871889415,random_forest_tuned,in-support (MRR <= training max)
random_forest_tuned | extended (MRR up to machine limits),120,38.281443325368976,39.4469938747088,16.91676468605298,59.31119591047017,47.873924565980346,60.6766107287788,0.4666666666666667,0.03333333333333333,0.0,0.43333333333333335,0.2644446318624199,0.9916666666666667,0.008333333333333333,0.14166666666666666,0.0,0.0,0.0,454.22983067810856,290.74082589838076,35.99257330494105,5.2273205147887465,random_forest_tuned,extended (MRR up to machine limits)
lightgbm_tuned | in-support (MRR <= training max),120,35.1456986609918,35.32483097018537,10.569982575791343,58.11898162049848,41.834727579832226,55.74878562729702,0.1,0.0,0.43333333333333335,0.20833333333333334,0.33544576498350415,0.9833333333333333,0.016666666666666666,0.14166666666666666,0.0,0.0,0.0,454.22983067810856,304.28074030379776,33.01172231477081,4.246980636692936,lightgbm_tuned,in-support (MRR <= training max)
lightgbm_tuned | extended (MRR up to machine limits),120,38.314513478544,38.536781784891645,16.30634642084104,59.66136596405652,45.7803802958694,60.61449096117728,0.4583333333333333,0.008333333333333333,0.0,0.3416666666666667,0.26763764672843443,1.0,0.0,0.14166666666666666,0.0,0.0,0.0,454.22983067810856,290.4118103582958,36.06500701973996,5.245034026400496,lightgbm_tuned,extended (MRR up to machine limits)
mlp_commanded_ensemble5 | in-support (MRR <= training max),120,36.86947791370626,37.57752336623473,15.244405513624775,59.076334641024545,39.1277801614302,57.63621590659338,0.14166666666666666,0.025,0.5083333333333333,0.35,0.3286438051894699,0.9916666666666667,0.0,0.14166666666666666,0.0,0.0,0.0,454.22983067810856,296.6697636612955,34.68730065165369,4.492809215794187,mlp_commanded_ensemble5,in-support (MRR <= training max)
mlp_commanded_ensemble5 | extended (MRR up to machine limits),120,38.906917835096465,39.573581735845906,17.753387282104708,59.724167293844495,41.534587321201144,61.32730408135896,0.4666666666666667,0.008333333333333333,0.0,0.475,0.26269212209232734,0.9916666666666667,0.0,0.14166666666666666,0.0,0.0,0.0,454.22983067810856,287.68949829225005,36.66433182894099,5.119157227149374,mlp_commanded_ensemble5,extended (MRR up to machine limits)
physics_parametric_fitted | in-support (MRR <= training max),120,36.84291803434448,36.162922346133115,15.836118820927032,58.97940102336995,39.220861634106264,56.96258424012537,0.11666666666666667,0.0,0.44166666666666665,0.125,0.35040743598680446,1.0,0.0,0.14166666666666666,0.0,0.0,0.0,454.22983067810856,296.48024541148766,34.72902363790604,3.515407205763438,physics_parametric_fitted,in-support (MRR <= training max)
physics_parametric_fitted | extended (MRR up to machine limits),120,38.433882332317836,38.431134997631695,17.966530456672455,59.16664451966001,40.64913847101231,59.95608936811907,0.2833333333333333,0.0,0.0,0.19166666666666668,0.2932505772736362,1.0,0.0,0.14166666666666666,0.0,0.0,0.0,454.22983067810856,290.07927438813056,36.13821576731798,4.459729490621994,physics_parametric_fitted,extended (MRR up to machine limits)
hybrid_physics+lgbm_residual | in-support (MRR <= training max),120,36.620650594439894,36.063213723823075,15.591953628993883,58.97940102336995,38.86045797369585,56.768635946108056,0.11666666666666667,0.0,0.425,0.19166666666666668,0.3495190767447604,1.0,0.0,0.14166666666666666,0.0,0.0,0.0,454.22983067810856,297.4297343601548,34.51999092262847,3.512268672623051,hybrid_physics+lgbm_residual,in-support (MRR <= training max)
hybrid_physics+lgbm_residual | extended (MRR up to machine limits),120,38.37197162366226,38.3675152873209,18.01275490070663,59.20742542165107,40.29259167620094,59.89233879256825,0.2833333333333333,0.0,0.0,0.2,0.2933652878648906,1.0,0.0,0.14166666666666666,0.0,0.0,0.0,454.22983067810856,290.4112695635363,36.06512607725732,4.367078634103504,hybrid_physics+lgbm_residual,extended (MRR up to machine limits)
physics_parametric_fitted__FINAL | in-support (MRR <= training max),120,36.81247874557918,36.162922346133115,15.836118820927032,58.97940102336995,39.104269408860446,56.91748411646795,0.11666666666666667,0.0,0.425,0.10833333333333334,0.3509237852593714,1.0,0.0,0.14166666666666666,0.0,0.0,0.0,454.22983067810856,296.6341305605248,34.69514538098763,3.514552860384576,physics_parametric_fitted__FINAL,in-support (MRR <= training max)
physics_parametric_fitted__FINAL | extended (MRR up to machine limits),120,38.401728749626486,38.431134997631695,17.966530456672455,59.16664451966001,40.515041705806404,59.898902146413015,0.2833333333333333,0.0,0.0,0.15,0.2941447841191268,1.0,0.0,0.14166666666666666,0.0,0.0,0.0,454.22983067810856,290.2527732147655,36.10001950302245,4.459729490621994,physics_parametric_fitted__FINAL,extended (MRR up to machine limits)
