parameter,fitted,generator_truth_(effective),rel_error_%
p0 (base + servo) [kW],2.6116220229668143,2.5999999999999996,0.4
ambient coeff [kW/degC],0.021081210857961705,0.02,5.4
flood coolant [kW],1.5311700117670597,1.5,2.1
high-pressure coolant [kW],4.226816745517101,4.2,0.6
chip conveyor [kW],0.3816812346372852,0.35,9.1
idle loss l0 [kW],0.20377297738636813,0.18652849740932642,9.2
idle loss l1 [kW/rpm],0.00020933658853885382,0.00022797927461139898,-8.2
idle loss l2 [kW/rpm^2],1.3187381067241633e-08,1.1398963730569949e-08,15.7
warm-up amplitude,0.315828332715063,0.3,5.3
warm-up tau [min],39.884632611204474,40.0,-0.3
copper loss r_cu,0.09561020703020776,0.06922279792746114,38.1
k_c1.1 Al6061 [N/mm2],777.5956011192128,725.3886010362695,7.2
k_c1.1 C45 [N/mm2],1865.2414254072485,1865.2849740932643,-0.0
k_c1.1 SS316L [N/mm2],2226.157104939651,2383.419689119171,-6.6
k_c1.1 Ti6Al4V [N/mm2],1334.9681673143912,1554.4041450777202,-14.1
m_c Al6061,0.2215991581538499,0.25,-11.4
m_c C45,0.2425063607364318,0.25,-3.0
m_c SS316L,0.22538101449784023,0.21,7.3
m_c Ti6Al4V,0.2639318538964419,0.23,14.8
wear slope,0.48340202471099053,0.45,7.4
