exp_id,model,family,complexity,val_mae,val_rmse,val_r2,val_mape,val_eng_mae,val_eng_r2,oodval_eng_mae,oodval_eng_rmse,oodval_eng_r2,test_mae,test_rmse,test_r2,test_mape,oodtest_eng_mae,oodtest_eng_rmse,oodtest_eng_r2,train_mae,score,within_2pct_of_best
E10a,physics_parametric_fitted,physics,3,0.37710359891452794,1.1606150899387357,0.9197437498885286,3.2006953753516245,0.4869574566338505,0.8874710153711101,1.4342957044038775,2.9983328258136286,0.6403399092398538,0.3672345774241615,1.0133237366707701,0.9300683359421821,3.304185777559612,1.2920652135419526,2.3369747002975663,0.6645321194197682,0.3944362933739777,1.0,True
E10b,physics_parametric_fitted_squared_loss,physics,3,0.41278972036817047,1.1396066262899887,0.9226229140721561,3.815520500280952,0.5112020147862468,0.8919966066057263,1.464992998009359,2.9306605852944303,0.6563917223214637,0.40744882162503177,1.0013619107633653,0.9317096141406465,3.924763749737977,1.3984790364040784,2.3739315357221478,0.6538380706701905,0.4374863859979427,1.058017244410407,False
E10c,hybrid_physics+lgbm_residual,hybrid,7,0.41913281341925906,1.1491542617633501,0.9213209509263373,3.939968597986976,0.5167250021159684,0.8900809045484134,1.4818443621159774,2.9434429328965055,0.6533878270315086,0.40923888857483176,0.9989848234495807,0.9320334521688893,4.00798571335468,1.3816302355517884,2.3780694223126306,0.6526302623240339,0.41046848159842964,1.0723019621369003,False
E08c,mlp_physics_fe_ensemble5,neural_network,8,0.4494663729993016,1.1575971280789572,0.9201605898774472,4.2984359753184815,0.5387382134522437,0.8885211143019217,1.5902249357679508,3.0951726393115226,0.6167322069377388,0.43449264848752484,1.0165524969911452,0.9296219784828941,4.314961814589583,3.082253533895409,3.9600529227710033,0.03673694612794354,0.4328546272553478,1.150302904441261,False
E07a,ridge_poly2__physics_fe,linear,3,0.46204418110634055,1.1566044876704902,0.920297455879452,4.563478129521276,0.558349299326416,0.8891697920669355,1.612920216243976,2.9644567703642477,0.6484210912941925,0.44354823328035053,1.0249887311307149,0.9284490157604419,4.494169761251913,2.868765634935735,3.927405940752543,0.0525539081020463,0.4492543490022068,1.174891411037938,False
E08b,mlp_physics_fe,neural_network,8,0.4847099384710817,1.1760314403056957,0.9175937934611278,4.813985003601852,0.5749667031655183,0.8853214373549377,1.625896511786167,3.114983772989373,0.6117320344697358,0.46968588946067263,1.0374657771656262,0.92668621401197,4.820360383763229,3.106397080644013,3.9893492017474195,0.012221610361109737,0.4668535936137005,1.209467416341584,False
E10d,hybrid_lgbm_with_physics_feature,hybrid,7,0.45782932061059467,1.1903462595255003,0.9155792781260248,4.252196648947188,0.5695121225792668,0.8811133462485519,1.7793668665530131,3.1883506740780496,0.5933088386005418,0.4446146443088814,1.0309101654148576,0.9276199173203405,4.298860938383666,1.4298441046683583,2.5532531226328943,0.5995662569469156,0.34977801807115305,1.2273267726170576,False
E07c,lightgbm_tuned_params__physics_fe,boosting,6,0.48115632387002816,1.1778126380728877,0.9173477161779278,4.585435995799948,0.5955287794291096,0.8843241992704268,1.8937773213960871,3.41074198549484,0.5345957924649203,0.46246423869933423,1.0475110105992536,0.9252700616482065,4.597737233190282,2.3515195560722395,3.2861951977851223,0.33667000411649584,0.3648801348172368,1.2981397883469323,False
E07d,lightgbm_retuned__physics_fe,boosting,6,0.4856279302810396,1.1785745264879082,0.917240751483059,4.6200212018539,0.6029441658786205,0.8840951067136186,1.9465279923460792,3.427499630097902,0.5300113134624695,0.46800149705462496,1.056375553194865,0.9239999085203939,4.644714196842247,2.4686852733536466,3.4665133392844614,0.26187710790630647,0.36906119565067824,1.3224577216182514,False
E07c,lightgbm_default__physics_fe,boosting,6,0.5151355981451116,1.2140858615100465,0.9121784209557859,4.910344300381063,0.6401536125358919,0.8763784372734096,2.0521575005858312,3.4878677459272724,0.5133098145902057,0.4917004717006556,1.07762695881218,0.920911320250999,4.8326660829592045,2.7790882992097914,3.743980194962673,0.13898640517311245,0.302701356743547,1.3984045876684728,False
E07a,ridge_poly2__generic_fe,linear,3,0.5143104396984834,1.2289144019379779,0.9100200586008599,5.046268664269909,0.6316322298059902,0.8731582894613455,2.07932407196081,3.3306948390125912,0.5561847113441036,0.48305307669302244,1.055083804113976,0.9241856625818377,4.886275551662441,2.3032049942952963,3.347531231213182,0.31167713195874946,0.49531663013031046,1.4067808660652599,False
E07a,ridge_linear__physics_fe,linear,2,0.5617887279667121,1.2382940863815632,0.9086412737066761,5.921113113417033,0.6545014469194914,0.8729646343406002,2.064770926322931,3.4322718407351975,0.528701643633384,0.5451582045949322,1.10819750005772,0.9163604354726868,5.849220990472579,3.625442786711849,4.37192224488147,-0.17405321466870927,0.5678358171622067,1.4646588468494013,False
E07b,random_forest_tuned_params__physics_fe,forest,6,0.5782087727521101,1.2876090487309197,0.9012196687077547,5.592504378995701,0.728431139844773,0.8619515415135276,2.0118678127884095,3.460227505436589,0.5209929794417223,0.5421790123894481,1.1253096393586344,0.9137574659524246,5.4056259731952,2.5599867825050526,3.5673621182513013,0.2183050329574966,0.13882148266406374,1.4679879198700472,False
E07c,lightgbm_tuned_params__generic_fe,boosting,6,0.5549751159906937,1.2752963674304287,0.9030997977394688,5.230819019264916,0.7005493641859097,0.8615188889973043,2.165970867005697,3.6863930922290806,0.4563293881206095,0.5091110934664586,1.074548905212731,0.9213624810586822,5.038728383265096,5.781977782780885,6.917739141883355,-1.9394852547497172,0.3911355742275357,1.490903326816706,False
E07c,lightgbm_default__generic_fe,boosting,6,0.583820465780263,1.3290233421086242,0.8947631946980348,5.449720953128401,0.7456672763531584,0.8483003253700689,2.2045911662778117,3.663842099621292,0.46296070023222546,0.520039294111107,1.0802351670774124,0.9205280162168695,5.134432760305768,5.326838979660073,6.512802746934743,-1.6054261821446465,0.314448721164213,1.542612406952895,False
E08c,mlp_commanded_ensemble5,neural_network,8,0.5590582968871097,1.3106187382562482,0.8976576973738153,5.290859652000874,0.7045572638978921,0.8528449498157795,2.3653483103741406,3.8706086311596297,0.40063539550918015,0.5320360942673541,1.1318537377769642,0.9127514838641655,5.197909105888317,2.058101773207796,3.134274601213587,0.39658373824517734,0.46606126324899205,1.5658208030893481,False
E02c,ridge_poly3,linear,3,0.6066083062370862,1.304843200224393,0.8985576989927233,6.149936554318002,0.7388174169358801,0.8569846404538063,2.207517942388685,3.6092042370877273,0.47885870512323647,0.5674155370646825,1.1352412054125844,0.9122284590503231,5.944159419576584,2.1079264989291424,3.1221120060102527,0.4012577817857985,0.5092817368091767,1.57384698756471,False
E03c,ridge_poly2__kmeans10_onehot,kmeans+model,4,0.6447511874928162,1.3352934150234665,0.8937678789265403,6.484708151826553,0.8042247527588839,0.8479163424558772,2.184625368591359,3.563548757110765,0.4919599136430224,0.5819422294299388,1.147150126627388,0.9103773160798292,6.014148411437394,2.1968619902474025,3.12350406472821,0.4007237393579487,0.5954648416396401,1.6164400424076004,False
E08b,mlp_commanded,neural_network,8,0.61649559787637,1.348666999905809,0.8915991974587081,6.031209379558023,0.7649786914577479,0.8444539316004555,2.464215696182167,3.9415164731977166,0.37731879558999604,0.5879144792202796,1.173110734359639,0.9062313107916152,5.9096609386875185,2.158148272076435,3.2236458453914123,0.36000452721287424,0.5210804271842389,1.6764421494437642,False
E03c,ridge_poly2__kmeans4_per_cluster,kmeans+model,4,0.6890847988761867,1.3928481367962695,0.8844127387914228,6.798479351414996,0.8709536823220972,0.8340666014289773,2.235588610517498,3.605468584209647,0.47993694583538116,0.6369043334233546,1.2163554005213275,0.8992376225010863,6.5688160579435495,2.809573452128087,4.278646957411686,-0.12449060060099892,0.5941550712781208,1.6929877290225486,False
E03c,ridge_poly2__kmeans4_onehot,kmeans+model,4,0.6818147790986561,1.3751027973692624,0.8873392159345049,6.94020150223477,0.8250463696800353,0.8408137697152761,2.3854593533696193,3.851050521117224,0.4066772475157616,0.6426757442807666,1.2123132025377668,0.8999062177256001,6.735509777026222,1.8334920895861797,2.763646690253761,0.5308540562626822,0.6479065500167863,1.7355938548264596,False
E07b,random_forest_tuned_params__generic_fe,forest,6,0.6761394501132466,1.443173389017306,0.8759092347719107,6.392901415584908,0.8835288015691682,0.8199736059753927,2.522068679695924,3.976305768299079,0.3674539951995687,0.590405027276804,1.176359698685405,0.9057551330543173,5.826176318489596,5.181754797503965,6.320000438204145,-1.4534495952061763,0.13813311677700563,1.7756914025553048,False
E02b,ridge_poly2,linear,3,0.7045195566597247,1.3977950077943302,0.8835902360998467,7.213089870764742,0.860888988178051,0.8345316922134584,2.49566458847359,3.9907169728364607,0.36286065185293215,0.654522918322962,1.2273137389093494,0.8974138757043337,6.9107726508499345,1.8806457359941084,2.7873976112654515,0.5227556777422804,0.6776574219269351,1.8041159113990908,False
E03b,ridge_poly2__global,no-regime baseline,3,0.7039049968340464,1.3985688319997467,0.883461310718022,7.201019822730503,0.8627679543169613,0.8341551801610165,2.516264741798104,4.0149566502877905,0.355097156669518,0.6537667078137449,1.2275303123904657,0.897377667530974,6.893565909279601,1.8259433125044118,2.74733214897182,0.5363766937164893,0.6767264732269649,1.8104823475654173,False
E03c,ridge_poly2__kmeans10_per_cluster,kmeans+model,4,0.7713629477972462,1.595889661869316,0.848257176403019,7.944267643926415,1.0121987283515725,0.775339502259012,2.3169088286425943,3.6773266708406376,0.45900033790688066,0.7267387677047555,1.5881210360590583,0.828231063182981,7.694505169668507,6.073006239900498,9.537111928657158,-4.58697441382128,0.5144931277742038,1.8304284482616944,False
E06b,xgboost_tuned,boosting,6,0.67172752240657,1.387008486057511,0.8853799285928601,6.394456155184312,0.8730989385211436,0.8336473194199602,2.8305414679556185,4.265105394389987,0.27223342477394863,0.6407850325365257,1.2086580164596998,0.9005088835273499,6.279100049011619,3.9304914192206817,5.0732324499339105,-0.5809292931791779,0.32576777683669705,1.8773762326017185,False
E06c,lightgbm_default,boosting,6,0.6923254469040543,1.4126234519493286,0.8811072801568814,6.476876134737444,0.9150387076764049,0.8263020951379747,2.83249806211175,4.237436349719054,0.2816452858464792,0.6596423843086854,1.251893696043009,0.893263652850684,6.313465057336066,4.579865015720925,5.663708732388612,-0.9703562002518402,0.33964707455660625,1.9053690048083558,False
E06d,lightgbm_tuned,boosting,6,0.6649848111729117,1.3796992538782389,0.8865847910740459,6.358784942154537,0.8686691076675181,0.8348194338817296,2.977740786580068,4.415247606476739,0.22009321577851582,0.624325043735631,1.1929821162456264,0.9030728825381231,6.083754486882711,4.206224495788871,5.3423016576764955,-0.7530719369923915,0.440498792859492,1.9197502475805734,False
E03b,lightgbm_default__global,no-regime baseline,6,0.684024064544053,1.384313922665869,0.8858248444625851,6.393453184875479,0.9004608427412663,0.8341156476553006,2.93156628915547,4.354928209759844,0.2412572209858157,0.6389951307765008,1.2205802301259931,0.8985364406181192,6.1410083504724735,4.562349883439046,5.6815911416050335,-0.982818119469022,0.3032392755345784,1.9288977344911702,False
E03c,lightgbm_default__kmeans10_onehot,kmeans+model,4,0.701155484524239,1.3975776346076694,0.8836264393966631,6.599450558233157,0.9256255814372109,0.8305651530638604,2.894081842814792,4.326006397581996,0.2513016338778983,0.6358291505535572,1.2048477290546475,0.9011351851010575,6.206093067338599,4.544363986831738,5.645614537105725,-0.9577866767391461,0.3044182413297322,1.9385450126940031,False
E03c,lightgbm_default__kmeans4_onehot,kmeans+model,4,0.6950620745961631,1.4128795849953757,0.881064161638336,6.475322451331346,0.916441729864321,0.8265112048644567,2.9757310913425954,4.374771278080688,0.2343271019865245,0.6396299270155203,1.2166290090066467,0.8991922861754944,6.199954090082093,4.516631079828383,5.622373198873636,-0.9417005894898833,0.3031178207993081,1.9589289725210217,False
E03c,lightgbm_default__kmeans4_per_cluster,kmeans+model,4,0.7327356761676395,1.454689648854524,0.8739208897380584,7.045071470246429,0.9496082828697128,0.8170166570339221,3.0208823594163516,4.49767003194002,0.19070333296204445,0.713086602033695,1.3476839788671668,0.8763045964355959,6.8356194627614695,5.07769820129256,6.209431027239129,-1.3683535681750953,0.24223503970268445,2.0246201090850877,False
E06a,xgboost_default,boosting,6,0.8611135881686893,1.6078911509386706,0.845966306807491,8.475315285632416,1.1218058910818076,0.7756544593297987,2.9686973497000606,4.316125984741637,0.25471771815666966,0.7741312509909006,1.3908291369278782,0.8682577758110663,7.769684110612847,3.9948695056769514,5.173801889766365,-0.6442297939906161,0.22468111725278894,2.1766439581295556,False
E05a,random_forest_default,forest,6,0.8552553752107922,1.6250580018125396,0.8426596284953325,8.101772091796946,1.1392322998259357,0.771464383618536,3.2206083648989927,4.653857344624697,0.13351967850976132,0.7882194753410289,1.4488596256408601,0.8570348936827241,7.675025270149454,5.074778129853986,6.163777966203958,-1.3336563086809101,0.11292598395558381,2.2566935526993595,False
E05b,random_forest_tuned,forest,6,0.8332501786242702,1.5752699809480162,0.8521530287135684,7.912208775714821,1.1252602724944791,0.7807829299402802,3.5280778086620397,4.938458847818924,0.024301923260015013,0.7511344719627544,1.367491456879513,0.8726418697790381,7.315978261406753,5.575167742834275,6.608574053427744,-1.6826155958762734,0.13692554840905083,2.334701776015444,False
E06e,lightgbm_tuned_l1_loss,boosting,6,0.6834735733176183,1.5445808210761398,0.8578575770383143,5.828745305262646,0.9474825521962419,0.7876856564857961,4.1024967985159035,5.467284306276982,-0.19584774084871892,0.6442755521437692,1.3914937215041558,0.8681318440686386,5.582058868244405,4.9673908933573125,6.095459994272073,-1.2822115228103534,0.4932542419063881,2.3363579041151303,False
E03c,lightgbm_default__kmeans10_per_cluster,kmeans+model,4,0.836505362932869,1.6086698195133764,0.8458170799909983,7.930654948047003,1.092963526614246,0.772558305218747,3.6714586278162815,5.109341726590881,-0.044389438983179375,0.7818524759494938,1.4610958341899631,0.8546098998259988,7.603477754749263,5.305838484753883,6.45413837612502,-1.5587005829542142,0.20224740090195234,2.389000815693539,False
E07a,ridge_linear__generic_fe,linear,2,1.0091233876490868,1.665638809033698,0.8347033314270511,11.766005412823754,1.0866663628273734,0.7766876652485206,3.0975352033101946,4.378665300958498,0.23296343081685877,0.9246275747980948,1.4811494258749838,0.8505915432633724,10.983040677289278,12.785909862410499,14.314923545222795,-11.586963967266056,0.9277047709678397,2.4178027805736653,False
E03c,ridge_linear__kmeans10_per_cluster,kmeans+model,4,0.9035876947516589,1.71381155009863,0.8250038197897019,8.269533611645057,1.250426191104341,0.7343366933413502,3.7725736607552744,5.203495353703815,-0.08323557108522239,0.8576220092589911,1.5364903974400355,0.8392181092437874,8.157515204112526,3.309551079561165,4.549054250863838,-0.271115912747784,0.8570034309046994,2.513194002790626,False
E04b,decision_tree_tuned,tree,5,1.0332525417471428,1.887976502007197,0.787628806516088,9.677661982936701,1.4252728177389216,0.6761749359794618,3.534450145348012,4.845487496460815,0.06069307297192317,0.9899623562527908,1.7009334126979252,0.8029610631483952,9.740803170561266,6.120489173404755,7.219997030587507,-2.201967807232362,0.7120675796091178,2.6021054445589025,False
E04a,decision_tree_unconstrained,tree,5,1.2743465430016863,2.549688082301841,0.6126740932385841,12.011330985845404,1.7282375979112274,0.441483109441393,4.071268939393939,5.395684126871188,-0.16473092149145607,1.237735571878279,2.697571645145417,0.5044090047931971,12.099323266076295,5.921724137931035,7.033611098755518,-2.0387825699788573,3.761077364811032e-19,3.108907640745679,False
E03c,ridge_linear__kmeans4_per_cluster,kmeans+model,4,1.1663456491623698,1.9490229883091055,0.7736730028265935,11.367219717100031,1.4727106864502726,0.6800229564514555,4.691345267370063,6.13919216903608,-0.5078391886226294,1.1383605125397738,1.8525595149335454,0.7662660660977123,11.302051285159703,3.8526004965114176,4.931081644188754,-0.4935759426780173,1.1138102619277632,3.181870292456206,False
E06e,lightgbm_tuned_huber_loss,boosting,6,0.8416459350766757,1.8441644476474497,0.797370940390576,6.994090048449651,1.1734418332677872,0.6895703457370093,5.949468800470243,7.174228020745155,-1.0591260002095289,0.7706366989829063,1.6799852022065624,0.807784527536709,6.496359925727449,6.197284911440112,7.197376653237969,-2.181935594486969,0.6939860496394697,3.189938198633259,False
E03c,ridge_linear__kmeans10_onehot,kmeans+model,4,1.3748278939110068,2.072863431840066,0.7439977287449753,15.561481821300832,1.5563665017220893,0.6508149571135586,5.025078470984957,6.34816735230685,-0.6122385641741313,1.2630859521222455,1.888319456361033,0.7571554470535748,14.568275814100632,2.71282292886545,3.873261548859645,0.07849738445008292,1.2640110512608391,3.5746364279428136,False
E00b,sec_P0+k*MRR_fitted,physics,1,1.7748953756973878,2.4624810504295285,0.6387164126471057,26.511876867970496,1.7960247170685428,0.5879115322626759,3.7924387912664415,5.1931683588591735,-0.07894020160044302,1.7741288252450707,2.435491216949107,0.5960286494984952,26.068774356219382,16.902856764737635,18.68799004008647,-20.452015950977763,1.7367018162857624,3.6753820643858566,False
E03c,ridge_linear__kmeans4_onehot,kmeans+model,4,1.4107965596390117,2.116224570757683,0.733175353130431,15.965280620808775,1.5886071515212892,0.6382039405310203,5.396926690063569,6.746405554820747,-0.8208637938062582,1.3560949264695683,1.9757940001653653,0.7341352526709992,15.667334487162558,3.4296411324657656,4.587758682837773,-0.29283783999085466,1.3346711315752413,3.751954583667306,False
E03b,ridge_linear__global,no-regime baseline,2,1.49210729616009,2.193609065712712,0.7133044824423518,17.41323145122485,1.6718873323209982,0.6093584794490425,5.590556673165629,6.952831334628594,-0.9339977254806047,1.4255735282810276,2.0574017896014207,0.7117192406984036,16.993846000767704,3.978231203389098,5.1407361478650095,-0.6232804235389737,1.3983918862048552,3.9272641528692516,False
E02a,ridge_linear,linear,2,1.4919314539421238,2.193682191123103,0.7132853677540121,17.407385508091295,1.6719289409613567,0.609240068833659,5.592811466944633,6.954967392008217,-0.9351862383324963,1.4252966728904362,2.057350625995245,0.7117335784907746,16.98618882378996,3.980382563334759,5.142757472772041,-0.6245572143067637,1.3982095734105808,3.9278170326603816,False
E00c,handbook_physics_zero_fit,physics,1,1.80947978635891,2.430443906961019,0.6480559374420518,18.71467110857868,2.1584800875489565,0.5001515372979255,4.7959200153394,6.110119736202876,-0.49359211594551433,1.7751193735014932,2.2742752544769416,0.6477398767348637,18.719047680417937,2.3080357060336474,3.5287593294562507,0.23513110111022395,1.797998610745164,4.0710540973444065,False
E00a,mean,null,0,2.8947846898622114,4.0968666234398405,-1.4020729244501595e-05,42.01792391745157,2.819433611871392,-0.16742605179673253,11.011201715172048,12.09307180001566,-4.850673105431847,2.6487775572598116,3.831947722595304,-3.818197417504443e-05,38.883098882400155,9.412541505197181,10.240900248835713,-5.441977374101492,2.7596152110772394,7.676721862390343,False
