exp_id,model,family,val.all.mae,val.all.rmse,val.all.r2,val.all.mape,test.all.mae,test.all.rmse,test.all.r2,test.all.mape
E07c,lightgbm_tuned_params__real_fe,boosting,0.4961307414274584,1.1250327535004667,0.744967028586776,34.45227325664849,0.43636106166313215,0.8512076562296826,0.8110428112848371,31.497981045067082
E07b,random_forest_tuned_params__real_fe,forest,0.5030536856101436,1.1208941845685163,0.7468399166232338,33.8048061721521,0.45505958127529283,0.8500641467103544,0.8115501591821106,32.7611236431624
E06d,lightgbm_tuned,boosting,0.5054025329925856,1.1282421326122147,0.743509888868944,34.507941069950085,0.4631563239032612,0.9143596415246935,0.7819648696514547,33.91813631837986
E05a,random_forest_default,forest,0.5149837316407684,1.1316781585018765,0.7419452448397585,34.66482059797678,0.46528772403993734,0.8790670361037201,0.798471549297231,33.28147860746943
E05b,random_forest_tuned,forest,0.5209777722554266,1.1226437503183155,0.74604900185756,35.215213175803314,0.47136191836863794,0.8746568510630593,0.8004885702314692,33.77884815686779
E06e,lightgbm_tuned_huber_loss,boosting,0.5326933095980659,1.4126173022079207,0.5979176210639356,30.904122938996213,0.4808756183350594,1.1275719045575738,0.668425694481516,29.233890513946132
E06b,xgboost_tuned,boosting,0.5408828374206096,1.0451820626303832,0.7798848709668728,39.50089368774474,0.48774946412557907,0.8266632831645753,0.8217827764321552,36.70608571403123
E04a,decision_tree_unconstrained,tree,0.544778539394497,1.470608425271814,0.5642272214648423,38.35436990539065,0.4565765505184379,1.1702182682189857,0.6428701728470958,33.295242030211995
E06a,xgboost_default,boosting,0.5602881997213671,1.2008556153574532,0.7094321335120071,38.318138348140515,0.4687475952505361,0.8485912083257755,0.8122026617557424,35.85075337662923
E04b,decision_tree_tuned,tree,0.5616848816464669,1.4038265746700231,0.6029063731137188,37.91147273701617,0.47679719683766936,1.0128566667372698,0.7324602244035301,35.032876184194926
E06e,lightgbm_tuned_l1_loss,boosting,0.5734082682117356,1.414291718817672,0.5969638561253234,35.29855121242688,0.523302066609624,1.1789820826120183,0.6375010220135022,32.81137919661919
E08c,mlp_fe_ensemble5,neural_network,0.6061091049117714,1.1033368128370389,0.7547086601699946,43.305479223738566,0.5578851603931728,0.9948748623953627,0.7418754619862624,39.864927428064306
E03b,lightgbm_default__global,no-regime baseline,0.6130322274921031,1.1717497089521662,0.7233467944180209,41.894875474833846,0.5518455707073869,0.935354486452949,0.7718371968655867,40.760438770685695
E03c,lightgbm_default__kmeans9_onehot,kmeans+model,0.6136077629393112,1.1666727453498256,0.7257389698213943,42.36139582198556,0.5578336449697046,0.9364057394393764,0.7713240403666486,41.19513588073495
E03c,lightgbm_default__kmeans4_onehot,kmeans+model,0.6155120602345149,1.1708106061198036,0.723790066041356,42.60884832580913,0.5564128326000577,0.9477064810623145,0.7657713163530544,40.82616314733619
E07c,lightgbm_default__real_fe,boosting,0.6245038572649699,1.213696746956277,0.7031846384308373,43.25558213068602,0.5664466445584581,0.9737716117360926,0.7527099767867931,41.236090064314105
E10c,hybrid_noload_curve+lgbm_residual,hybrid,0.6293587586410093,1.1686677858100627,0.7248001809716692,43.249974508644094,0.5596230635365992,0.923999981051445,0.7773430267571213,40.44155978246467
E06c,lightgbm_default,boosting,0.6315355962964708,1.2174429728048308,0.7013494955930426,43.81159419238257,0.5816735084297582,0.9901967598206599,0.7442972621125065,43.3147489909657
E08b,mlp_fe,neural_network,0.6410486938562627,1.22893597303204,0.6903245023230303,45.9768894530796,0.5959030818796103,1.1329023371050493,0.6597179366569474,43.022248206720306
E08c,mlp_raw_ensemble5,neural_network,0.6445199630627882,1.2000409150022842,0.7098262615648661,46.04450135211455,0.6155558593664814,1.2459942525804664,0.595121743131547,44.313207044389735
E03c,lightgbm_default__kmeans4_per_cluster,kmeans+model,0.6537989996528307,1.266234969779675,0.6769315078207108,49.589579039530186,0.5893099183253112,1.05800775410581,0.708075814125904,46.418917179706156
E08b,mlp_raw,neural_network,0.6858191153282298,1.3783958197647335,0.5988704275066624,49.39228397657231,0.660563087317942,1.4258223106067902,0.46465023973692177,48.15084514382219
E03c,lightgbm_default__kmeans9_per_cluster,kmeans+model,0.6976670753186875,1.3766122604009092,0.6181531041671513,51.844238433525156,0.605077489357177,1.1539615168529316,0.6527237939732816,45.26317344613465
E00b,noload_loss_curve_c0+c1|n|+c2n^2,physics,0.9585609684770853,1.996376970280628,0.19693425614175597,67.22349068208172,0.835348279092965,1.6837002685401816,0.2606979018163257,58.43855581436809
E02b,ridge_poly2,linear,0.9609086222854835,1.9875542199397873,0.2040166784140387,68.23035638712999,0.8603069884835829,1.703000946285595,0.2436511428861361,59.53081111407014
E07a,ridge_linear__real_fe,linear,0.9680692359427532,1.9954339926013944,0.19769272434270335,68.4258642024133,0.8577002603878684,1.6942482573402902,0.25140577638001205,60.73642034940134
E03b,ridge_poly2__global,no-regime baseline,0.9685326373295758,1.9892669523300632,0.20264424408907022,69.89631793616078,0.8694183661146948,1.709155590268791,0.23817437595826896,61.03173477913146
E07a,ridge_poly2__real_fe,linear,0.9707067672993192,1.9823853387279362,0.20815140164803303,71.0534232443738,0.874396305106068,1.705763008216142,0.24119574025267,61.707120574510576
E03c,ridge_linear__kmeans4_per_cluster,kmeans+model,0.9791026086317918,1.981815317656835,0.20860671725510838,71.2207044995181,0.8759256349118126,1.6981849607233739,0.24792291349762585,62.14362231080105
E03c,ridge_linear__kmeans9_onehot,kmeans+model,0.9819919552753604,1.9930985979715186,0.19956961693566277,70.24066941371537,0.8709019990522163,1.689676987752293,0.2554399071405373,61.34262530744551
E02a,ridge_linear,linear,0.9847259857060294,2.0017742216102152,0.19258617286592272,67.73259830988268,0.8742016877384541,1.6990364730560927,0.24716850395316325,60.0187017832978
E03c,ridge_linear__kmeans9_per_cluster,kmeans+model,0.9850023217575228,1.968875654031366,0.21890730591983154,71.34023173172437,0.8780693207558453,1.6828866579289639,0.2614122316902454,62.87333204573835
E03b,ridge_linear__global,no-regime baseline,0.9854617214127879,2.002714641544324,0.19182735960037323,68.6360741436984,0.8737189215595528,1.699927515696828,0.24637866703868228,60.78245717517486
E03c,ridge_linear__kmeans4_onehot,kmeans+model,0.9881181634123283,2.0019664002830906,0.19243113523534605,70.1761520090809,0.8756934421841965,1.6957714236958088,0.25005916607317646,61.63950398283469
E02c,ridge_poly3,linear,0.9885156868212671,1.9985247776782868,0.19520536585411175,63.50204203151966,0.8898069554132935,1.7090585265015632,0.23826090238776,56.20825522706762
E03c,ridge_poly2__kmeans4_onehot,kmeans+model,0.9925852516573676,1.9806046016181567,0.20957336622389577,73.21169695550617,0.8937833206372492,1.7087017913215015,0.23857886782850857,64.90510780561917
E03c,ridge_poly2__kmeans9_onehot,kmeans+model,1.0098856115142227,1.9577439539648736,0.2277146776164054,73.14482720332406,0.9085895683920364,1.6976110456801685,0.24843116840208734,67.96401973697387
E03c,ridge_poly2__kmeans9_per_cluster,kmeans+model,1.0194081126712333,1.9465181848410982,0.2365459051296558,76.61872943639197,0.9056951750897502,1.6521462094076826,0.28814861719512475,68.43760226717099
E03c,ridge_poly2__kmeans4_per_cluster,kmeans+model,1.020015901127103,2.025283459003915,0.17350994990690483,76.17394350833047,0.9156251682483996,1.707493369909852,0.2396554655626263,64.75558797270511
E00a,mean,null,1.348075513634559,2.2278918532804135,-0.00012482849084105574,52.02444021744965,1.2760361182243085,1.9584493812145505,-0.00026961983228868114,49.67303712172369
