job_id,material,spindle_speed_rpm,axis_speed_mm_min,feed_per_tooth_mm,axial_depth_mm,radial_width_mm,tool_diameter_mm,n_flutes,coolant_mode,tool_age_min,machine_on_min,ambient_temp_c,power_kw
1586,C45,0.0,0.0,0.0,0.0,0.0,12.0,4,0,84.5778,234.6405,20.3573,2.57
1586,C45,3317.9748,24063.1599,0.0,0.0,0.0,12.0,4,2,84.5778,234.8072,20.3573,9.01
1586,C45,3304.4709,737.9935,0.0557,0.0,0.0,12.0,4,2,84.5778,234.9738,20.3573,7.7
1586,C45,3296.9565,741.7793,0.0557,11.4623,2.5679,12.0,4,2,85.0778,235.1405,20.3573,9.94
1586,C45,3333.7242,745.5939,0.0557,11.4623,2.5679,12.0,4,2,85.2445,235.3072,20.3573,10.34
1586,C45,3317.098,735.3759,0.0557,11.4623,2.5679,12.0,4,2,85.4111,235.4738,20.3573,10.21
1586,C45,3326.4487,738.352,0.0557,11.4623,2.5679,12.0,4,2,85.5778,235.6405,20.3573,9.93
1586,C45,3321.8245,734.1973,0.0557,11.4623,2.5679,12.0,4,2,85.7445,235.8072,20.3573,10.07
1586,C45,3321.1167,745.4072,0.0557,11.4623,2.5679,12.0,4,2,85.9111,235.9738,20.3573,10.02
1586,C45,3338.1946,750.3993,0.0557,11.4623,2.5679,12.0,4,2,86.0778,236.1405,20.3573,10.01
1586,C45,3337.0554,735.9458,0.0557,11.4623,2.5679,12.0,4,2,86.2445,236.3072,20.3573,10.19
1369,C45,4578.3863,24058.9075,0.0,0.0,0.0,12.0,5,1,26.5819,365.5159,17.5516,6.57
1369,C45,4584.1704,24193.0758,0.0,0.0,0.0,12.0,5,1,26.5819,365.6825,17.5516,6.42
1369,C45,4564.4421,2965.9542,0.1287,0.0,0.0,12.0,5,1,26.5819,365.8492,17.5516,5.55
1369,C45,4562.1406,2976.9831,0.1287,0.0,0.0,12.0,5,1,26.5819,366.0159,17.5516,5.54
1369,C45,4572.4767,2928.9866,0.1287,12.5698,5.2954,12.0,5,1,27.2485,366.1825,17.5516,19.58
1369,C45,4556.7023,2945.1808,0.1287,12.5698,5.2954,12.0,5,1,27.4152,366.3492,17.5516,19.88
1369,C45,4583.3398,3013.9526,0.1287,12.5698,5.2954,12.0,5,1,27.5819,366.5159,17.5516,19.28
1369,C45,4591.2109,2896.2517,0.1287,12.5698,5.2954,12.0,5,1,27.7485,366.6825,17.5516,19.75
1369,C45,4558.5575,2981.5604,0.1287,12.5698,5.2954,12.0,5,1,27.9152,366.8492,17.5516,19.63
1369,C45,4548.0174,2966.6564,0.1287,12.5698,5.2954,12.0,5,1,28.0819,367.0159,17.5516,19.06
1369,C45,4570.6225,2943.218,0.1287,12.5698,5.2954,12.0,5,1,28.2485,367.1825,17.5516,19.64
1369,C45,4550.6411,2923.964,0.1287,12.5698,5.2954,12.0,5,1,28.4152,367.3492,17.5516,19.58
1369,C45,4567.4246,2946.7042,0.1287,12.5698,5.2954,12.0,5,1,28.5819,367.5159,17.5516,18.18
2191,C45,4728.0283,24595.5442,0.0,0.0,0.0,10.0,4,1,49.4647,85.5895,21.4086,6.55
2191,C45,4755.2194,1560.7879,0.0819,0.0,0.0,10.0,4,1,49.4647,85.7561,21.4086,5.73
2191,C45,4718.4705,1546.555,0.0819,0.0,0.0,10.0,4,1,49.4647,85.9228,21.4086,5.69
2191,C45,4730.3713,1561.6451,0.0819,10.9324,1.5148,10.0,4,1,49.9647,86.0895,21.4086,8.5
2191,C45,4733.1272,1572.0868,0.0819,10.9324,1.5148,10.0,4,1,50.1313,86.2561,21.4086,8.48
2191,C45,4743.3357,1547.0362,0.0819,10.9324,1.5148,10.0,4,1,50.298,86.4228,21.4086,8.15
2191,C45,4748.356,1558.4927,0.0819,10.9324,1.5148,10.0,4,1,50.4647,86.5895,21.4086,8.12
2191,C45,4770.6053,1547.507,0.0819,10.9324,1.5148,10.0,4,1,50.6313,86.7561,21.4086,8.36
2191,C45,4750.9568,1543.1094,0.0819,10.9324,1.5148,10.0,4,1,50.798,86.9228,21.4086,8.29
2191,C45,4736.5256,1575.7037,0.0819,10.9324,1.5148,10.0,4,1,50.9647,87.0895,21.4086,8.38
2191,C45,4722.6917,1560.6607,0.0819,10.9324,1.5148,10.0,4,1,51.1313,87.2561,21.4086,8.39
2191,C45,4762.3077,1554.9206,0.0819,10.9324,1.5148,10.0,4,1,51.298,87.4228,21.4086,8.5
2191,C45,4725.255,1524.242,0.0819,10.9324,1.5148,10.0,4,1,51.4647,87.5895,21.4086,8.05
549,C45,4774.6438,24022.047,0.0,0.0,0.0,10.0,5,1,119.4384,167.2371,27.5112,6.85
549,C45,4750.3516,23867.7556,0.0,0.0,0.0,10.0,5,1,119.4384,167.4038,27.5112,6.71
549,C45,4794.3753,1916.8009,0.0807,0.0,0.0,10.0,5,1,119.4384,167.5705,27.5112,5.83
549,C45,4765.32,1932.2728,0.0807,8.8018,4.8026,10.0,5,1,119.9384,167.7371,27.5112,13.3
549,C45,4759.3626,1911.7542,0.0807,8.8018,4.8026,10.0,5,1,120.1051,167.9038,27.5112,13.79
549,C45,4779.6592,1944.232,0.0807,8.8018,4.8026,10.0,5,1,120.2717,168.0705,27.5112,13.72
549,C45,4779.973,1888.8638,0.0807,8.8018,4.8026,10.0,5,1,120.4384,168.2371,27.5112,13.97
2214,Ti6Al4V,0.0,0.0,0.0,0.0,0.0,12.0,3,0,54.54,532.2228,25.6999,2.87
2214,Ti6Al4V,1657.0852,23754.9875,0.0,0.0,0.0,12.0,3,2,54.54,532.3895,25.6999,8.72
2214,Ti6Al4V,1648.7971,233.8153,0.0473,0.0,0.0,12.0,3,2,54.54,532.5561,25.6999,7.53
2214,Ti6Al4V,1652.5409,235.4687,0.0473,0.0,0.0,12.0,3,2,54.54,532.7228,25.6999,7.5
2214,Ti6Al4V,1656.6017,236.2571,0.0473,7.4213,7.0856,12.0,3,2,55.2067,532.8895,25.6999,8.69
2214,Ti6Al4V,1652.8578,240.8683,0.0473,7.4213,7.0856,12.0,3,2,55.3733,533.0561,25.6999,8.74
2214,Ti6Al4V,1660.4547,238.9796,0.0473,7.4213,7.0856,12.0,3,2,55.54,533.2228,25.6999,8.93
2214,Ti6Al4V,1646.7868,239.7912,0.0473,7.4213,7.0856,12.0,3,2,55.7067,533.3895,25.6999,8.76
2214,Ti6Al4V,1640.9792,234.1295,0.0473,7.4213,7.0856,12.0,3,2,55.8733,533.5561,25.6999,8.61
874,SS316L,3902.68,24162.6136,0.0,0.0,0.0,12.0,5,2,24.3412,242.0818,28.4361,9.14
874,SS316L,3894.2201,24035.8708,0.0,0.0,0.0,12.0,5,2,24.3412,242.2485,28.4361,8.94
874,SS316L,3885.7533,779.5835,0.0398,0.0,0.0,12.0,5,2,24.3412,242.4151,28.4361,8.12
874,SS316L,3901.6507,783.015,0.0398,7.6682,3.7184,12.0,5,2,24.8412,242.5818,28.4361,11.66
874,SS316L,3918.3719,780.6624,0.0398,7.6682,3.7184,12.0,5,2,25.0079,242.7485,28.4361,11.22
874,SS316L,3910.65,778.222,0.0398,7.6682,3.7184,12.0,5,2,25.1746,242.9151,28.4361,10.97
874,SS316L,3875.9498,779.3548,0.0398,7.6682,3.7184,12.0,5,2,25.3412,243.0818,28.4361,11.42
1446,Ti6Al4V,2584.3621,23753.7924,0.0,0.0,0.0,8.0,3,1,27.6347,420.0923,20.8134,5.72
1446,Ti6Al4V,2585.7684,24296.0797,0.0,0.0,0.0,8.0,3,1,27.6347,420.259,20.8134,5.78
1446,Ti6Al4V,2590.683,332.9885,0.0421,0.0,0.0,8.0,3,1,27.6347,420.4257,20.8134,4.85
1446,Ti6Al4V,2586.6308,330.9448,0.0421,0.0,0.0,8.0,3,1,27.6347,420.5923,20.8134,5.03
1446,Ti6Al4V,2583.2892,326.5034,0.0421,5.294,0.6492,8.0,3,1,28.3014,420.759,20.8134,5.55
1446,Ti6Al4V,2588.8398,327.0023,0.0421,5.294,0.6492,8.0,3,1,28.4681,420.9257,20.8134,5.27
1446,Ti6Al4V,2586.06,329.1456,0.0421,5.294,0.6492,8.0,3,1,28.6347,421.0923,20.8134,5.4
1446,Ti6Al4V,2570.1485,320.7363,0.0421,5.294,0.6492,8.0,3,1,28.8014,421.259,20.8134,5.45
1446,Ti6Al4V,2589.5291,326.408,0.0421,5.294,0.6492,8.0,3,1,28.9681,421.4257,20.8134,5.39
1446,Ti6Al4V,2584.9513,324.5114,0.0421,5.294,0.6492,8.0,3,1,29.1347,421.5923,20.8134,5.37
1446,Ti6Al4V,2589.4724,330.8034,0.0421,5.294,0.6492,8.0,3,1,29.3014,421.759,20.8134,5.28
364,SS316L,2461.5098,23919.0511,0.0,0.0,0.0,10.0,5,1,111.8322,523.6429,19.7118,5.78
364,SS316L,2457.7728,23768.2673,0.0,0.0,0.0,10.0,5,1,111.8322,523.8095,19.7118,5.8
364,SS316L,2467.2162,1046.7308,0.0845,0.0,0.0,10.0,5,1,111.8322,523.9762,19.7118,5.04
364,SS316L,2452.6829,1043.7286,0.0845,0.0,0.0,10.0,5,1,111.8322,524.1429,19.7118,4.93
364,SS316L,2463.6127,1046.3937,0.0845,5.8535,5.8037,10.0,5,1,112.4989,524.3095,19.7118,8.08
364,SS316L,2466.0391,1050.4998,0.0845,5.8535,5.8037,10.0,5,1,112.6656,524.4762,19.7118,8.4
364,SS316L,2452.7828,1024.1481,0.0845,5.8535,5.8037,10.0,5,1,112.8322,524.6429,19.7118,8.45
364,SS316L,2473.7444,1066.9923,0.0845,5.8535,5.8037,10.0,5,1,112.9989,524.8095,19.7118,7.97
364,SS316L,2471.0717,1038.1921,0.0845,5.8535,5.8037,10.0,5,1,113.1656,524.9762,19.7118,8.66
85,Al6061,0.0,0.0,0.0,0.0,0.0,12.0,3,0,1.6923,241.6047,24.7407,4.14
85,Al6061,8011.2495,24220.0136,0.0,0.0,0.0,12.0,3,0,1.6923,241.7714,24.7407,7.73
85,Al6061,7978.2943,1384.8333,0.058,0.0,0.0,12.0,3,0,1.6923,241.938,24.7407,6.83
85,Al6061,8021.3462,1394.457,0.058,0.0,0.0,12.0,3,0,1.6923,242.1047,24.7407,6.83
85,Al6061,8001.2619,1379.9005,0.058,4.6671,3.1251,12.0,3,0,2.359,242.2714,24.7407,8.24
85,Al6061,7985.245,1380.579,0.058,4.6671,3.1251,12.0,3,0,2.5256,242.438,24.7407,7.86
85,Al6061,8002.4479,1401.8026,0.058,4.6671,3.1251,12.0,3,0,2.6923,242.6047,24.7407,7.95
85,Al6061,8005.9968,1393.5134,0.058,4.6671,3.1251,12.0,3,0,2.859,242.7714,24.7407,7.58
85,Al6061,8012.4328,1398.3619,0.058,4.6671,3.1251,12.0,3,0,3.0256,242.938,24.7407,7.89
85,Al6061,7957.2917,1409.0814,0.058,4.6671,3.1251,12.0,3,0,3.1923,243.1047,24.7407,7.74
18,Ti6Al4V,1682.3632,23449.517,0.0,0.0,0.0,12.0,4,1,17.1264,590.406,22.3581,5.72
18,Ti6Al4V,1671.5349,422.5337,0.0629,0.0,0.0,12.0,4,1,17.1264,590.5726,22.3581,4.79
18,Ti6Al4V,1677.346,420.4052,0.0629,8.4226,6.446,12.0,4,1,17.4597,590.7393,22.3581,6.71
18,Ti6Al4V,1687.4886,411.792,0.0629,8.4226,6.446,12.0,4,1,17.6264,590.906,22.3581,6.47
18,Ti6Al4V,1676.7877,420.0091,0.0629,8.4226,6.446,12.0,4,1,17.7931,591.0726,22.3581,6.59
18,Ti6Al4V,1686.2403,421.0005,0.0629,8.4226,6.446,12.0,4,1,17.9597,591.2393,22.3581,6.55
18,Ti6Al4V,1673.9615,419.8108,0.0629,8.4226,6.446,12.0,4,1,18.1264,591.406,22.3581,6.48
18,Ti6Al4V,1680.2266,422.1473,0.0629,8.4226,6.446,12.0,4,1,18.2931,591.5726,22.3581,6.4
18,Ti6Al4V,1681.9667,421.7284,0.0629,8.4226,6.446,12.0,4,1,18.4597,591.7393,22.3581,6.58
18,Ti6Al4V,1681.9992,424.3652,0.0629,8.4226,6.446,12.0,4,1,18.6264,591.906,22.3581,17.03
18,Ti6Al4V,1685.197,429.1306,0.0629,8.4226,6.446,12.0,4,1,18.7931,592.0726,22.3581,6.63
18,Ti6Al4V,1681.6375,426.3286,0.0629,8.4226,6.446,12.0,4,1,18.9597,592.2393,22.3581,6.71
2115,Ti6Al4V,0.0,0.0,0.0,0.0,0.0,10.0,4,0,20.3525,143.1112,22.3892,2.7
2115,Ti6Al4V,0.0,0.0,0.0,0.0,0.0,10.0,4,0,20.3525,143.2779,22.3892,2.67
2115,Ti6Al4V,1606.7913,24061.6635,0.0,0.0,0.0,10.0,4,2,20.3525,143.4446,22.3892,8.21
2115,Ti6Al4V,1615.3795,402.3232,0.0624,0.0,0.0,10.0,4,2,20.3525,143.6112,22.3892,7.48
2115,Ti6Al4V,1612.708,404.4491,0.0624,0.0,0.0,10.0,4,2,20.3525,143.7779,22.3892,7.67
2115,Ti6Al4V,1612.1505,400.6214,0.0624,7.8686,6.2747,10.0,4,2,21.1858,143.9446,22.3892,8.84
2115,Ti6Al4V,1620.096,399.3541,0.0624,7.8686,6.2747,10.0,4,2,21.3525,144.1112,22.3892,8.59
2115,Ti6Al4V,1616.5044,406.5204,0.0624,7.8686,6.2747,10.0,4,2,21.5192,144.2779,22.3892,8.98
2115,Ti6Al4V,1620.2314,402.5739,0.0624,7.8686,6.2747,10.0,4,2,21.6858,144.4446,22.3892,8.86
2115,Ti6Al4V,1620.8164,399.1116,0.0624,7.8686,6.2747,10.0,4,2,21.8525,144.6112,22.3892,8.9
1964,SS316L,0.0,0.0,0.0,0.0,0.0,8.0,6,0,14.8844,32.6649,24.0903,2.77
1964,SS316L,5325.1274,23891.0736,0.0,0.0,0.0,8.0,6,2,14.8844,32.8316,24.0903,9.8
1964,SS316L,5301.3319,1345.9939,0.0417,0.0,0.0,8.0,6,2,14.8844,32.9982,24.0903,8.94
1964,SS316L,5348.6506,1328.9905,0.0417,0.0,0.0,8.0,6,2,14.8844,33.1649,24.0903,8.67
1964,SS316L,5317.4289,1307.4677,0.0417,6.2971,3.9254,8.0,6,2,15.5511,33.3316,24.0903,12.73
1964,SS316L,5344.6504,1357.8254,0.0417,6.2971,3.9254,8.0,6,2,15.7178,33.4982,24.0903,13.21
1964,SS316L,5318.0076,1338.1157,0.0417,6.2971,3.9254,8.0,6,2,15.8844,33.6649,24.0903,12.9
1964,SS316L,5343.9311,1339.0548,0.0417,6.2971,3.9254,8.0,6,2,16.0511,33.8316,24.0903,12.83
1964,SS316L,5328.0355,1343.9072,0.0417,6.2971,3.9254,8.0,6,2,16.2178,33.9982,24.0903,12.78
1964,SS316L,5346.5884,1316.7783,0.0417,6.2971,3.9254,8.0,6,2,16.3844,34.1649,24.0903,12.83
1972,SS316L,2816.864,24350.7086,0.0,0.0,0.0,16.0,3,1,12.3769,434.7043,23.5351,6.05
1972,SS316L,2818.4702,607.7027,0.071,0.0,0.0,16.0,3,1,12.3769,434.871,23.5351,5.18
1972,SS316L,2840.7355,608.7982,0.071,12.6424,3.046,16.0,3,1,12.7102,435.0377,23.5351,7.77
1972,SS316L,2821.902,611.391,0.071,12.6424,3.046,16.0,3,1,12.8769,435.2043,23.5351,7.85
1972,SS316L,2812.8714,600.7779,0.071,12.6424,3.046,16.0,3,1,13.0436,435.371,23.5351,7.95
1972,SS316L,2851.2241,604.1394,0.071,12.6424,3.046,16.0,3,1,13.2102,435.5377,23.5351,7.49
1972,SS316L,2825.7251,607.9226,0.071,12.6424,3.046,16.0,3,1,13.3769,435.7043,23.5351,7.81
709,C45,0.0,0.0,0.0,0.0,0.0,8.0,6,0,85.6582,10.617,26.5703,2.85
709,C45,5281.9253,24092.8346,0.0,0.0,0.0,8.0,6,1,85.6582,10.7837,26.5703,7.33
709,C45,5302.9128,3310.4645,0.1038,0.0,0.0,8.0,6,1,85.6582,10.9503,26.5703,6.47
709,C45,5283.4581,3230.186,0.1038,0.0,0.0,8.0,6,1,85.6582,11.117,26.5703,6.43
709,C45,5296.8356,3264.0363,0.1038,2.9518,4.2529,8.0,6,1,86.3248,11.2837,26.5703,9.64
709,C45,5315.4863,3265.8507,0.1038,2.9518,4.2529,8.0,6,1,86.4915,11.4503,26.5703,9.77
709,C45,5294.2103,3317.6973,0.1038,2.9518,4.2529,8.0,6,1,86.6582,11.617,26.5703,9.79
709,C45,5275.1126,3299.1161,0.1038,2.9518,4.2529,8.0,6,1,86.8248,11.7837,26.5703,10.0
709,C45,5279.653,3331.48,0.1038,2.9518,4.2529,8.0,6,1,86.9915,11.9503,26.5703,9.85
2104,SS316L,1967.0367,23631.6602,0.0,0.0,0.0,16.0,4,2,52.5187,7.5787,24.2175,8.86
2104,SS316L,1964.5051,985.0524,0.1277,0.0,0.0,16.0,4,2,52.5187,7.7454,24.2175,7.83
2104,SS316L,1967.8155,1002.2775,0.1277,18.5474,2.241,16.0,4,2,52.852,7.9121,24.2175,12.0
2104,SS316L,1964.9807,1011.2451,0.1277,18.5474,2.241,16.0,4,2,53.0187,8.0787,24.2175,11.9
2104,SS316L,1969.4078,996.4771,0.1277,18.5474,2.241,16.0,4,2,53.1853,8.2454,24.2175,12.05
2104,SS316L,1959.8948,997.3988,0.1277,18.5474,2.241,16.0,4,2,53.352,8.4121,24.2175,11.91
2104,SS316L,1965.4123,993.2622,0.1277,18.5474,2.241,16.0,4,2,53.5187,8.5787,24.2175,11.8
2104,SS316L,1960.5619,1002.2164,0.1277,18.5474,2.241,16.0,4,2,53.6853,8.7454,24.2175,12.28
2104,SS316L,1965.6468,999.9094,0.1277,18.5474,2.241,16.0,4,2,53.852,8.9121,24.2175,11.57
2104,SS316L,1969.4172,996.9165,0.1277,18.5474,2.241,16.0,4,2,54.0187,9.0787,24.2175,11.86
2104,SS316L,1968.2183,1004.5571,0.1277,18.5474,2.241,16.0,4,2,54.1853,9.2454,24.2175,11.41
1476,C45,0.0,0.0,0.0,0.0,0.0,6.0,3,0,74.3607,26.6488,23.3861,2.74
1476,C45,0.0,0.0,0.0,0.0,0.0,6.0,3,0,74.3607,26.8154,23.3861,2.73
1476,C45,7988.6181,24127.8853,0.0,0.0,0.0,6.0,3,1,74.3607,26.9821,23.3861,10.84
1476,C45,7971.1936,1599.0246,0.0653,0.0,0.0,6.0,3,1,74.3607,27.1488,23.3861,9.9
1476,C45,8017.7998,1578.0849,0.0653,7.5845,3.1799,6.0,3,1,75.0274,27.3154,23.3861,13.52
1476,C45,8015.9527,1582.0624,0.0653,7.5845,3.1799,6.0,3,1,75.194,27.4821,23.3861,13.57
1476,C45,8007.2563,1572.7524,0.0653,7.5845,3.1799,6.0,3,1,75.3607,27.6488,23.3861,13.48
1476,C45,8005.2572,1546.0444,0.0653,7.5845,3.1799,6.0,3,1,75.5274,27.8154,23.3861,13.52
1476,C45,7980.4624,1556.7014,0.0653,7.5845,3.1799,6.0,3,1,75.694,27.9821,23.3861,13.63
1476,C45,8009.5684,1559.3101,0.0653,7.5845,3.1799,6.0,3,1,75.8607,28.1488,23.3861,13.64
1476,C45,8027.2708,1564.705,0.0653,7.5845,3.1799,6.0,3,1,76.0274,28.3154,23.3861,14.22
1476,C45,7998.3026,1576.945,0.0653,7.5845,3.1799,6.0,3,1,76.194,28.4821,23.3861,13.85
1197,SS316L,4456.0347,23542.757,0.0,0.0,0.0,6.0,4,2,60.5095,458.2359,20.4203,9.17
1197,SS316L,4471.2339,24324.5603,0.0,0.0,0.0,6.0,4,2,60.5095,458.4025,20.4203,23.56
1197,SS316L,4445.2203,1056.745,0.0595,0.0,0.0,6.0,4,2,60.5095,458.5692,20.4203,8.36
1197,SS316L,4455.8454,1072.1669,0.0595,5.326,0.5133,6.0,4,2,61.0095,458.7359,20.4203,9.12
1197,SS316L,4465.6636,1048.869,0.0595,5.326,0.5133,6.0,4,2,61.1762,458.9025,20.4203,8.96
1197,SS316L,4452.73,1081.7435,0.0595,5.326,0.5133,6.0,4,2,61.3429,459.0692,20.4203,8.98
1197,SS316L,4444.8224,1061.8044,0.0595,5.326,0.5133,6.0,4,2,61.5095,459.2359,20.4203,8.89
172,Al6061,7985.5189,23959.182,0.0,0.0,0.0,10.0,3,1,84.4928,55.6414,20.2264,7.98
172,Al6061,7954.3504,24281.5581,0.0,0.0,0.0,10.0,3,1,84.4928,55.8081,20.2264,7.93
172,Al6061,7993.7451,2035.9349,0.0846,0.0,0.0,10.0,3,1,84.4928,55.9748,20.2264,7.26
172,Al6061,7983.7958,2049.0611,0.0846,9.6274,2.8448,10.0,3,1,84.9928,56.1414,20.2264,9.14
172,Al6061,7999.4199,2044.3005,0.0846,9.6274,2.8448,10.0,3,1,85.1595,56.3081,20.2264,8.89
172,Al6061,7995.1566,2048.4292,0.0846,9.6274,2.8448,10.0,3,1,85.3261,56.4748,20.2264,9.08
172,Al6061,8030.256,2027.6646,0.0846,9.6274,2.8448,10.0,3,1,85.4928,56.6414,20.2264,9.09
172,Al6061,7999.8023,2022.5485,0.0846,9.6274,2.8448,10.0,3,1,85.6595,56.8081,20.2264,26.96
172,Al6061,7971.1873,2026.0203,0.0846,9.6274,2.8448,10.0,3,1,85.8261,56.9748,20.2264,9.01
172,Al6061,7985.3077,2022.4659,0.0846,9.6274,2.8448,10.0,3,1,85.9928,57.1414,20.2264,9.52
338,Al6061,8006.6116,24423.8431,0.0,0.0,0.0,10.0,3,1,158.6906,444.8309,22.8292,7.77
338,Al6061,8014.868,23804.8278,0.0,0.0,0.0,10.0,3,1,158.6906,444.9976,22.8292,7.67
338,Al6061,8018.2502,3050.0662,0.1245,0.0,0.0,10.0,3,1,158.6906,445.1643,22.8292,6.97
338,Al6061,7987.7166,2959.0451,0.1245,0.0,0.0,10.0,3,1,158.6906,445.3309,22.8292,7.11
338,Al6061,7997.6746,2970.8695,0.1245,3.2149,3.5009,10.0,3,1,159.3573,445.4976,22.8292,8.15
338,Al6061,7986.0219,3004.6169,0.1245,3.2149,3.5009,10.0,3,1,159.5239,445.6643,22.8292,8.51
338,Al6061,7992.2451,3004.9435,0.1245,3.2149,3.5009,10.0,3,1,159.6906,445.8309,22.8292,8.26
338,Al6061,8007.393,2938.9561,0.1245,3.2149,3.5009,10.0,3,1,159.8573,445.9976,22.8292,8.24
338,Al6061,8050.4721,2923.4788,0.1245,3.2149,3.5009,10.0,3,1,160.0239,446.1643,22.8292,8.4
338,Al6061,8012.183,2996.9258,0.1245,3.2149,3.5009,10.0,3,1,160.1906,446.3309,22.8292,8.48
338,Al6061,7983.6629,2976.4147,0.1245,3.2149,3.5009,10.0,3,1,160.3573,446.4976,22.8292,8.51
338,Al6061,7992.2111,2977.658,0.1245,3.2149,3.5009,10.0,3,1,160.5239,446.6643,22.8292,8.56
338,Al6061,8002.8764,3016.7026,0.1245,3.2149,3.5009,10.0,3,1,160.6906,446.8309,22.8292,8.15
338,Al6061,8003.7134,3005.3523,0.1245,3.2149,3.5009,10.0,3,1,160.8573,446.9976,22.8292,8.26
672,Ti6Al4V,0.0,0.0,0.0,0.0,0.0,16.0,5,0,43.6105,311.0678,20.8236,2.71
672,Ti6Al4V,0.0,0.0,0.0,0.0,0.0,16.0,5,0,43.6105,311.2344,20.8236,2.69
672,Ti6Al4V,1186.0146,23992.7309,0.0,0.0,0.0,16.0,5,2,43.6105,311.4011,20.8236,7.89
672,Ti6Al4V,1185.3722,24338.0305,0.0,0.0,0.0,16.0,5,2,43.6105,311.5678,20.8236,8.21
672,Ti6Al4V,1178.6832,764.9962,0.1284,0.0,0.0,16.0,5,2,43.6105,311.7344,20.8236,7.11
672,Ti6Al4V,1191.191,767.4422,0.1284,6.6173,2.3618,16.0,5,2,44.4438,311.9011,20.8236,8.51
672,Ti6Al4V,1186.9699,759.2634,0.1284,6.6173,2.3618,16.0,5,2,44.6105,312.0678,20.8236,8.9
672,Ti6Al4V,1181.5489,754.1579,0.1284,6.6173,2.3618,16.0,5,2,44.7771,312.2344,20.8236,8.57
672,Ti6Al4V,1184.7824,765.1339,0.1284,6.6173,2.3618,16.0,5,2,44.9438,312.4011,20.8236,8.52
672,Ti6Al4V,1187.9207,748.5093,0.1284,6.6173,2.3618,16.0,5,2,45.1105,312.5678,20.8236,8.63
672,Ti6Al4V,1183.8275,757.9522,0.1284,6.6173,2.3618,16.0,5,2,45.2771,312.7344,20.8236,8.7
672,Ti6Al4V,1180.9663,753.3504,0.1284,6.6173,2.3618,16.0,5,2,45.4438,312.9011,20.8236,8.74
672,Ti6Al4V,1182.4928,746.95,0.1284,6.6173,2.3618,16.0,5,2,45.6105,313.0678,20.8236,8.47
672,Ti6Al4V,1189.0285,756.3236,0.1284,6.6173,2.3618,16.0,5,2,45.7771,313.2344,20.8236,8.58
1171,SS316L,0.0,0.0,0.0,0.0,0.0,12.0,4,0,55.1224,541.8609,26.1643,2.75
1171,SS316L,0.0,0.0,0.0,0.0,0.0,12.0,4,0,55.1224,542.0276,26.1643,2.81
1171,SS316L,3004.2696,24107.0823,0.0,0.0,0.0,12.0,4,2,55.1224,542.1942,26.1643,8.52
1171,SS316L,2994.9569,396.4635,0.0332,0.0,0.0,12.0,4,2,55.1224,542.3609,26.1643,7.83
1171,SS316L,3007.0225,392.4953,0.0332,0.0,0.0,12.0,4,2,55.1224,542.5276,26.1643,7.93
1171,SS316L,3010.3796,403.3607,0.0332,2.8459,6.498,12.0,4,2,55.9557,542.6942,26.1643,9.08
1171,SS316L,3018.4442,401.7083,0.0332,2.8459,6.498,12.0,4,2,56.1224,542.8609,26.1643,9.14
1171,SS316L,3007.327,396.1126,0.0332,2.8459,6.498,12.0,4,2,56.289,543.0276,26.1643,9.02
1171,SS316L,3003.6008,399.154,0.0332,2.8459,6.498,12.0,4,2,56.4557,543.1942,26.1643,9.33
1171,SS316L,3001.6737,395.8338,0.0332,2.8459,6.498,12.0,4,2,56.6224,543.3609,26.1643,9.1
1171,SS316L,2983.9544,402.3071,0.0332,2.8459,6.498,12.0,4,2,56.789,543.5276,26.1643,9.27
1171,SS316L,3009.2031,396.0769,0.0332,2.8459,6.498,12.0,4,2,56.9557,543.6942,26.1643,9.07
1171,SS316L,3014.4485,393.4522,0.0332,2.8459,6.498,12.0,4,2,57.1224,543.8609,26.1643,9.22
1171,SS316L,3006.2484,391.2066,0.0332,2.8459,6.498,12.0,4,2,57.289,544.0276,26.1643,9.45
1171,SS316L,3004.456,395.9346,0.0332,2.8459,6.498,12.0,4,2,57.4557,544.1942,26.1643,9.08
1990,Al6061,8044.4726,23910.4755,0.0,0.0,0.0,12.0,2,1,43.3259,34.0996,24.135,8.03
1990,Al6061,8003.8243,2431.9493,0.1526,0.0,0.0,12.0,2,1,43.3259,34.2662,24.135,7.28
1990,Al6061,7953.4953,2409.1273,0.1526,17.2148,3.218,12.0,2,1,43.6592,34.4329,24.135,10.78
1990,Al6061,7970.9864,2441.8008,0.1526,17.2148,3.218,12.0,2,1,43.8259,34.5996,24.135,11.07
1990,Al6061,8031.4599,2419.6829,0.1526,17.2148,3.218,12.0,2,1,43.9925,34.7662,24.135,10.97
1990,Al6061,7968.6288,2479.4183,0.1526,17.2148,3.218,12.0,2,1,44.1592,34.9329,24.135,10.92
1990,Al6061,8053.1197,2459.0686,0.1526,17.2148,3.218,12.0,2,1,44.3259,35.0996,24.135,10.59
1990,Al6061,7971.8124,2468.7041,0.1526,17.2148,3.218,12.0,2,1,44.4925,35.2662,24.135,11.11
1990,Al6061,7969.8713,2455.0111,0.1526,17.2148,3.218,12.0,2,1,44.6592,35.4329,24.135,10.79
1990,Al6061,7997.5125,2416.2633,0.1526,17.2148,3.218,12.0,2,1,44.8259,35.5996,24.135,10.85
1990,Al6061,8011.1306,2431.4088,0.1526,17.2148,3.218,12.0,2,1,44.9925,35.7662,24.135,10.72
189,Al6061,8017.8747,23769.8008,0.0,0.0,0.0,12.0,3,1,93.4291,124.5983,17.0271,7.83
189,Al6061,7982.9446,23914.5461,0.0,0.0,0.0,12.0,3,1,93.4291,124.7649,17.0271,7.83
189,Al6061,8036.1493,3077.2789,0.1292,0.0,0.0,12.0,3,1,93.4291,124.9316,17.0271,6.84
189,Al6061,8003.4477,3097.4105,0.1292,10.8414,2.7983,12.0,3,1,93.9291,125.0983,17.0271,11.42
189,Al6061,8039.0447,3099.1689,0.1292,10.8414,2.7983,12.0,3,1,94.0957,125.2649,17.0271,11.61
189,Al6061,8015.1132,3082.5181,0.1292,10.8414,2.7983,12.0,3,1,94.2624,125.4316,17.0271,11.65
189,Al6061,7981.1752,3095.3408,0.1292,10.8414,2.7983,12.0,3,1,94.4291,125.5983,17.0271,11.67
189,Al6061,7985.0522,3087.379,0.1292,10.8414,2.7983,12.0,3,1,94.5957,125.7649,17.0271,11.87
189,Al6061,8022.264,3071.9623,0.1292,10.8414,2.7983,12.0,3,1,94.7624,125.9316,17.0271,11.46
189,Al6061,7972.1392,3165.8745,0.1292,10.8414,2.7983,12.0,3,1,94.9291,126.0983,17.0271,11.56
189,Al6061,7995.1176,3107.837,0.1292,10.8414,2.7983,12.0,3,1,95.0957,126.2649,17.0271,11.79
189,Al6061,7980.6739,3056.0723,0.1292,10.8414,2.7983,12.0,3,1,95.2624,126.4316,17.0271,11.93
189,Al6061,7987.2734,3111.2976,0.1292,10.8414,2.7983,12.0,3,1,95.4291,126.5983,17.0271,11.45
743,Al6061,8049.0746,23837.1918,0.0,0.0,0.0,10.0,3,1,199.591,48.2056,22.9302,7.81
743,Al6061,8016.1408,23914.2963,0.0,0.0,0.0,10.0,3,1,199.591,48.3723,22.9302,7.92
743,Al6061,7996.8975,2844.7134,0.1185,0.0,0.0,10.0,3,1,199.591,48.5389,22.9302,7.39
743,Al6061,8032.6122,2857.6856,0.1185,3.9919,3.5019,10.0,3,1,200.091,48.7056,22.9302,8.74
743,Al6061,7984.9658,2823.9305,0.1185,3.9919,3.5019,10.0,3,1,200.2576,48.8723,22.9302,8.62
743,Al6061,8011.8754,2780.8718,0.1185,3.9919,3.5019,10.0,3,1,200.4243,49.0389,22.9302,8.92
743,Al6061,8002.8963,2894.8875,0.1185,3.9919,3.5019,10.0,3,1,200.591,49.2056,22.9302,8.69
743,Al6061,7985.5344,2889.2206,0.1185,3.9919,3.5019,10.0,3,1,200.7576,49.3723,22.9302,8.86
743,Al6061,8008.8448,2809.6513,0.1185,3.9919,3.5019,10.0,3,1,200.9243,49.5389,22.9302,8.64
743,Al6061,8016.8142,2873.3052,0.1185,3.9919,3.5019,10.0,3,1,201.091,49.7056,22.9302,8.48
783,SS316L,0.0,0.0,0.0,0.0,0.0,8.0,5,0,7.9438,44.5908,25.0716,2.76
783,SS316L,3972.4011,23785.8246,0.0,0.0,0.0,8.0,5,2,7.9438,44.7575,25.0716,9.17
783,SS316L,3941.9584,472.9599,0.0242,0.0,0.0,8.0,5,2,7.9438,44.9241,25.0716,8.43
783,SS316L,3949.7442,483.8044,0.0242,0.0,0.0,8.0,5,2,7.9438,45.0908,25.0716,8.32
783,SS316L,3940.2338,479.8306,0.0242,6.9938,2.9511,8.0,5,2,8.6105,45.2575,25.0716,9.55
783,SS316L,3975.6148,476.9102,0.0242,6.9938,2.9511,8.0,5,2,8.7771,45.4241,25.0716,9.68
783,SS316L,3934.8064,485.8286,0.0242,6.9938,2.9511,8.0,5,2,8.9438,45.5908,25.0716,9.68
783,SS316L,3950.2958,478.5365,0.0242,6.9938,2.9511,8.0,5,2,9.1105,45.7575,25.0716,9.38
783,SS316L,3967.401,483.7308,0.0242,6.9938,2.9511,8.0,5,2,9.2771,45.9241,25.0716,9.46
783,SS316L,3953.975,489.8417,0.0242,6.9938,2.9511,8.0,5,2,9.4438,46.0908,25.0716,9.57
783,SS316L,3959.6763,479.5454,0.0242,6.9938,2.9511,8.0,5,2,9.6105,46.2575,25.0716,9.61
1787,SS316L,4381.4315,24094.2166,0.0,0.0,0.0,8.0,5,1,7.5851,203.9255,22.6036,6.42
1787,SS316L,4362.7,1508.7817,0.0688,0.0,0.0,8.0,5,1,7.5851,204.0922,22.6036,5.59
1787,SS316L,4358.1299,1491.8583,0.0688,10.007,4.2772,8.0,5,1,7.9185,204.2588,22.6036,11.3
1787,SS316L,4360.8241,1493.4318,0.0688,10.007,4.2772,8.0,5,1,8.0851,204.4255,22.6036,11.4
1787,SS316L,4353.8502,1514.2286,0.0688,10.007,4.2772,8.0,5,1,8.2518,204.5922,22.6036,11.55
1787,SS316L,4356.2138,1505.6359,0.0688,10.007,4.2772,8.0,5,1,8.4185,204.7588,22.6036,11.18
1787,SS316L,4350.82,1502.0303,0.0688,10.007,4.2772,8.0,5,1,8.5851,204.9255,22.6036,11.12
1787,SS316L,4375.6369,1517.9264,0.0688,10.007,4.2772,8.0,5,1,8.7518,205.0922,22.6036,11.44
1787,SS316L,4365.689,1497.3126,0.0688,10.007,4.2772,8.0,5,1,8.9185,205.2588,22.6036,10.97
1787,SS316L,4363.6071,1479.7056,0.0688,10.007,4.2772,8.0,5,1,9.0851,205.4255,22.6036,11.51
1787,SS316L,4353.393,1504.9516,0.0688,10.007,4.2772,8.0,5,1,9.2518,205.5922,22.6036,11.61
1787,SS316L,4350.2742,1494.8514,0.0688,10.007,4.2772,8.0,5,1,9.4185,205.7588,22.6036,11.45
1903,Al6061,7997.751,23326.3651,0.0,0.0,0.0,10.0,3,1,112.3895,376.7663,22.2055,7.72
1903,Al6061,8033.745,801.2323,0.0333,0.0,0.0,10.0,3,1,112.3895,376.933,22.2055,6.88
1903,Al6061,7971.9865,806.4223,0.0333,0.0,0.0,10.0,3,1,112.3895,377.0997,22.2055,6.85
1903,Al6061,7965.3693,801.0177,0.0333,5.7188,0.9219,10.0,3,1,112.8895,377.2663,22.2055,7.57
1903,Al6061,7987.9399,793.411,0.0333,5.7188,0.9219,10.0,3,1,113.0561,377.433,22.2055,7.66
1903,Al6061,7962.7877,814.9008,0.0333,5.7188,0.9219,10.0,3,1,113.2228,377.5997,22.2055,7.45
1903,Al6061,8040.4698,800.8517,0.0333,5.7188,0.9219,10.0,3,1,113.3895,377.7663,22.2055,7.38
1903,Al6061,8001.528,795.2304,0.0333,5.7188,0.9219,10.0,3,1,113.5561,377.933,22.2055,7.69
1903,Al6061,8013.5671,811.569,0.0333,5.7188,0.9219,10.0,3,1,113.7228,378.0997,22.2055,7.53
1903,Al6061,8001.9845,783.761,0.0333,5.7188,0.9219,10.0,3,1,113.8895,378.2663,22.2055,7.55
1903,Al6061,8018.516,784.5952,0.0333,5.7188,0.9219,10.0,3,1,114.0561,378.433,22.2055,7.22
1903,Al6061,8006.4924,795.5992,0.0333,5.7188,0.9219,10.0,3,1,114.2228,378.5997,22.2055,7.26
